Tên Sản Phẩm,Giá (VNĐ),Đã Bán,Tên Shop,Shop ID,Link Sản Phẩm
Laptop Gaming đồ hoạ cũ HP 4540s Core i5 /Ram 8Gb/Ổ SSD /Màn to/ MáyTính Rẻ,4000000,74,Shop_ID_796323094,796323094,https://shopee.vn/Laptop-Gaming--ho-c-HP-4540s-Core-i5-Ram-8Gb-SSD-Mn-to-MyTnh-R-i.796323094.21020436735
máy laptop toshiba r732 i5 3320m .ram 4gb .xách tay nhật bản,3290000,0,Shop_ID_269768130,269768130,https://shopee.vn/my-laptop-toshiba-r732-i5-3320m-ram-4gb-xch-tay-nht-bn-i.269768130.11732223983
"💻HP ENVY/SPECTRE 2IN1 X360 *LAPTOP DOANH NHÂN SANG TRỌNG *AMD RYZEN *MÀN HÌNH CẢM ỨNG 13.3"" FHD ZIN",5290000,5,Shop_ID_1515488932,1515488932,https://shopee.vn/HP-ENVYSPECTRE-2IN1-X360-LAPTOP-DOANH-NHN-SANG-TRNG-AMD-RYZEN-MN-HNH-CM-NG-133-FHD-ZIN-i.1515488932.24943772686
LENOVO THINKPAD X260 I5 6300U/ RAM 8GB/ SSD 256G/ 12.5 inch,3650000,4,Shop_ID_127628226,127628226,https://shopee.vn/LENOVO-THINKPAD-X260-I5-6300U-RAM-8GB-SSD-256G-125-inch-i.127628226.25525180423
"[Chỉ GH tận nơi] Asus Vivobook 15 X1502VA-BQ886W i7-13620H/16GB/512GB/15.6"" FHD/Win11",19930000,54,Shop_ID_1431261217,1431261217,https://shopee.vn/Ch-GH-tn-ni-Asus-Vivobook-15-X1502VA-BQ886W-i7-13620H16GB512GB156-FHDWin11-i.1431261217.26937818974
Laptop Gaming Asus TUF FX506 Core i7 10750H/ Ram 16Gb/ SSD Mvme 512Gb/ GTX 1650Ti/ 15.6'' IPS FHD 144H,12950000,8,Shop_ID_504512,504512,https://shopee.vn/Laptop-Gaming-Asus-TUF-FX506-Core-i7-10750H-Ram-16Gb-SSD-Mvme-512Gb-GTX-1650Ti-156-IPS-FHD-144H-i.504512.44062220961
Laptop Dell 15 DC15255 DC5R5802W1 /R5-7530U/16GB/512GB/15.6FHD120Hz,16545000,16,Shop_ID_514123059,514123059,https://shopee.vn/Laptop-Dell-15-DC15255-DC5R5802W1-R5-7530U16GB512GB156FHD120Hz-i.514123059.43527903223
Laptop xoay 360 độ 2 in 1 cảm ứng dell latitude 7390 i5 8250u ram 16gb ssd 256gb 13.3 inch likenew,7299000,1,Shop_ID_304873726,304873726,https://shopee.vn/Laptop-xoay-360--2-in-1-cm-ng-dell-latitude-7390-i5-8250u-ram-16gb-ssd-256gb-133-inch-likenew-i.304873726.29119265769
Laptop Dell N5110 i7 có Card rời,5500000,1,Shop_ID_12945651,12945651,https://shopee.vn/Laptop-Dell-N5110-i7-c-Card-ri-i.12945651.11695991056
Laptop core 2 Core i3 Core i5 giá rẻ hợp túi tiền phục vụ Học tập giải trí,1548794,12,Shop_ID_10859239,10859239,https://shopee.vn/Laptop-core-2-Core-i3-Core-i5-gi-r-hp-ti-tin-phc-v-Hc-tp-gii-tr-i.10859239.19988957346
"🌟 DELL LATITUDE 7290 i5th8– LAPTOP DOANH NHÂN “CHẤT” NHƯ NƯỚC CẤT! 🌟 💰 Giá chưa đến 4 triệu –Nhỏ gọn, mạnh mẽ, pin trâu",3990000,7,Shop_ID_18675286,18675286,https://shopee.vn/DELL-LATITUDE-7290-i5th8-LAPTOP-DOANH-NHN-CHT-NH-NC-CT---Gi-cha-n-4-triu-Nh-gn-mnh-m-pin-tru-i.18675286.28375074247
Máy tính Surface Go | Intel thế hệ 7 4415Y | Ram 4/8GB | SSD 64/128GB | 10 inch siêu nhẹ 3,2960999,13,Shop_ID_16449163,16449163,https://shopee.vn/My-tnh-Surface-Go--Intel-th-h-7-4415Y--Ram-48GB--SSD-64128GB--10-inch-siu-nh-3-i.16449163.50651863240
Laptop Gaming Asus FX506 Ram 16Gb SSD 512G GTX 1650 Màn 120hz Cân Mọi Tác Vụ Game max Setting,14500000,51,Shop_ID_796323094,796323094,https://shopee.vn/Laptop-Gaming-Asus-FX506-Ram-16Gb-SSD-512G-GTX-1650-Mn-120hz-Cn-Mi-Tc-V-Game-max-Setting-i.796323094.23817728732
"LAPTOP ACER NITRO AN515-43, RYZEN 7 3750H, 8G, SSD 256G, RX 560X  4G, MÀN 15.6IN FHD IPS TRÀN VIỀN, LED ĐỎ",8500000,2,Shop_ID_250780405,250780405,https://shopee.vn/LAPTOP-ACER-NITRO-AN515-43-RYZEN-7-3750H-8G-SSD-256G-RX-560X--4G-MN-156IN-FHD-IPS-TRN-VIN-LED-i.250780405.48657119186
"LAPTOP GAMING MSI SWORD 15 A11UD, I7-11800H, 8G, SSD 256G, RTX 3050Ti 4G, MÀN 15.6IN FHD IPS TRÀN VIỀN 144Hz",13800000,0,Shop_ID_250780405,250780405,https://shopee.vn/LAPTOP-GAMING-MSI-SWORD-15-A11UD-I7-11800H-8G-SSD-256G-RTX-3050Ti-4G-MN-156IN-FHD-IPS-TRN-VIN-144Hz-i.250780405.51956729661
Laptop Gaming MSI GL63 8RC Core i7-8750H new 95% - Tặng Chuột + Lót LogiTech + 02 Túi Chống Sốc Loại Xịn + Voucher Vệ S,8550000,0,Shop_ID_1146107898,1146107898,https://shopee.vn/Laptop-Gaming-MSI-GL63-8RC-Core-i7-8750H-new-95---Tng-Chut--Lt-LogiTech--02-Ti-Chng-Sc-Loi-Xn--Voucher-V-S-i.1146107898.46456428138
"Laptop Lenovo Gaming LOQ E 15IAX9E i5 12450HX/16GB/512GB/15.6""FHD/RTX 3050 6GB/Win 11",22490000,163,Shop_ID_1431261217,1431261217,https://shopee.vn/Laptop-Lenovo-Gaming-LOQ-E-15IAX9E-i5-12450HX16GB512GB156FHDRTX-3050-6GBWin-11-i.1431261217.43405771246
"Túi chống sốc , chống nước bảo vệ LapTop 13inch,14inch,15.6 inch SHINE TORE ST- 001",19000,6000,Shop_ID_433873285,433873285,https://shopee.vn/Ti-chng-sc--chng-nc-bo-v-LapTop-13inch14inch156-inch-SHINE-TORE-ST--001-i.433873285.22338737896
Surface Laptop 3 | Core i5-1035G7 | Ram 8GB | SSD 256GB | 13.5 inch cảm ứng đẳng cấp doanh nhân TD,9294333,1,Shop_ID_16449163,16449163,https://shopee.vn/Surface-Laptop-3--Core-i5-1035G7--Ram-8GB--SSD-256GB--135-inch-cm-ng-ng-cp-doanh-nhn-TD-i.16449163.54202215610
"ASUS TUF GAMING FX505DY, RYZEN 5 3550H, 8G, SSD 256G, RX 560X 4G, MÀN 15.6IN FHD IPS TRÀN VIỀN 120HZ, LED ĐỎ, PIN 3H",8100000,1,Shop_ID_250780405,250780405,https://shopee.vn/ASUS-TUF-GAMING-FX505DY-RYZEN-5-3550H-8G-SSD-256G-RX-560X-4G-MN-156IN-FHD-IPS-TRN-VIN-120HZ-LED--PIN-3H-i.250780405.47857290148
Laptop CMS văn phòng cực bền thanh lý văn phòng,1599000,3,Shop_ID_38429506,38429506,https://shopee.vn/Laptop-CMS-vn-phng-cc-bn-thanh-l-vn-phng-i.38429506.750960823
Laptop Lenovo Thinkpad L390 | I3/I5 THẾ HỆ (GEN) 8/10 | Ram 8GB | SSD 256GB | 13.3 inch,4999999,2,Shop_ID_81687671,81687671,https://shopee.vn/Laptop-Lenovo-Thinkpad-L390--I3I5-TH-H-GEN-810--Ram-8GB--SSD-256GB--133-inch-i.81687671.26353866887
Laptop cũ Lenovo K4e AMD Ryzen 5 4600u 5600u giá rẻ hiệu năng cực tốt hơn hẳn laptop intel cùng tầm giá | IZZYGAME,5290000,67,Shop_ID_973369335,973369335,https://shopee.vn/Laptop-c-Lenovo-K4e-AMD-Ryzen-5-4600u-5600u-gi-r-hiu-nng-cc-tt-hn-hn-laptop-intel-cng-tm-gi--IZZYGAME-i.973369335.43173172973
Laptop Dell Inspiron 3520 (25P2312) i5 1235U|16GB|512GB|15.6”| Win 11. hàng cũ bảo hành 12 Tháng.,16950000,0,Shop_ID_1499956970,1499956970,https://shopee.vn/Laptop-Dell-Inspiron-3520-25P2312-i5-1235U16GB512GB156-Win-11-hng-c-bo-hnh-12-Thng-i.1499956970.44228963809
Dell XPS 13 7390  Core i5-10210U / RAM 16GB / SSD 256GB / Màn 13.3 inch FHD 1920x1080,12000000,0,Shop_ID_96461069,96461069,https://shopee.vn/Dell-XPS-13-7390--Core-i5-10210U--RAM-16GB--SSD-256GB--Mn-133-inch-FHD-1920x1080-i.96461069.43901332725
[Chỉ GH tận nơi] Laptop HP 14s-em0086AU R5 7520U/16GB/512GB/14'FHD/AMD Radeon Graphics/Win11,14870000,97,Shop_ID_1431261217,1431261217,https://shopee.vn/Ch-GH-tn-ni-Laptop-HP-14s-em0086AU-R5-7520U16GB512GB14FHDAMD-Radeon-GraphicsWin11-i.1431261217.41152805402
"Laptop Lenovo G40-30 sử dụng cho văn phòng, in hoá đơn online, học online",1760000,6,Shop_ID_224768122,224768122,https://shopee.vn/Laptop-Lenovo-G40-30-s-dng-cho-vn-phng-in-ho-n-online-hc-online-i.224768122.26112394632
"Laptop Asus Vivobook Go 14 E1404FA-NK177W R5-7520U/16GB/512GB/14""FHD/Win11",13500000,4,Shop_ID_1663495353,1663495353,https://shopee.vn/Laptop-Asus-Vivobook-Go-14-E1404FA-NK177W-R5-7520U16GB512GB14FHDWin11-i.1663495353.53653160885
Laptop MSI Modern 14 F13MG-250VNCP | i5-1334U | RAM 8GB | SSD 512GB | 14.0 inch Full HD IPS | New 100% Full Box,13490000,7,Shop_ID_380451070,380451070,https://shopee.vn/Laptop-MSI-Modern-14-F13MG-250VNCP--i5-1334U--RAM-8GB--SSD-512GB--140-inch-Full-HD-IPS--New-100-Full-Box-i.380451070.43465482810
[Gaming] Laptop Dell inspiron 7566 core i7 6700HQ đồ họa độc lập GTX 960M 4GB mạnh mẽ cho game thủ,6570000,5,Shop_ID_469001653,469001653,https://shopee.vn/Gaming-Laptop-Dell-inspiron-7566-core-i7-6700HQ--ha-c-lp-GTX-960M-4GB-mnh-m-cho-game-th-i.469001653.44054265036
"[FULL VAT] Dell 15 DC15250 2025 (Core i5 1334U, RAM 8GB, SSD 512GB, Màn 15.6 FHD 120Hz)",16490000,2,Shop_ID_19221765,19221765,https://shopee.vn/FULL-VAT-Dell-15-DC15250-2025-Core-i5-1334U-RAM-8GB-SSD-512GB-Mn-156-FHD-120Hz-i.19221765.26543256863
Laptop Dell inspiron 7472 Gold Core i5 8250U/ Ram 16Gb/ SSD Mvme 512Gb/ 14'' Full HD/ Hàng chọn lọc.,8650000,5,Shop_ID_504512,504512,https://shopee.vn/Laptop-Dell-inspiron-7472-Gold-Core-i5-8250U-Ram-16Gb-SSD-Mvme-512Gb-14-Full-HD-Hng-chn-lc-i.504512.23864610514
[Window 10] Laptop Asus TranformerBook T101 T100 T102 lõi tứ cảm ứng mượt lai máy tính bảng,2670000,4,Shop_ID_469001653,469001653,https://shopee.vn/Window-10-Laptop-Asus-TranformerBook-T101-T100-T102-li-t-cm-ng-mt-lai-my-tnh-bng-i.469001653.21752576880
Laptop mini dell 7280 core i5 core i7 ram 8G màn 12.5 inch mỏng nhẹ bền đẹp.,4940000,1,Shop_ID_10859239,10859239,https://shopee.vn/Laptop-mini-dell-7280-core-i5-core-i7-ram-8G-mn-125-inch-mng-nh-bn-p-i.10859239.23712812655
"[Qua sử dụng ]Laptop Hp830g5 laptop doanh nhân body nhôm nguyên khối siêu sang, mỏng nhẹ rẻ tầm 4triệu",4890000,1,Shop_ID_18675286,18675286,https://shopee.vn/Qua-s-dng-Laptop-Hp830g5-laptop-doanh-nhn-body-nhm-nguyn-khi-siu-sang-mng-nh-r-tm-4triu-i.18675286.43506719372
Dell Latitude 7320 Detachable Core i7 1180G7 màn cảm ứng tách rời phím,16489000,2,Shop_ID_196126372,196126372,https://shopee.vn/Dell-Latitude-7320-Detachable-Core-i7-1180G7-mn-cm-ng-tch-ri-phm-i.196126372.24173368267
Laptop dell siêu chất thích hợp anh chị cần máy đẹp - giá rẻ - bền,2800000,0,Shop_ID_1253076748,1253076748,https://shopee.vn/Laptop-dell-siu-cht-thch-hp-anh-ch-cn-my-p---gi-r---bn-i.1253076748.28181128110
Laptop Asus Gaming FXPro - Core i7-6700HQ - Chính hãng,6600000,2,Shop_ID_96461069,96461069,https://shopee.vn/Laptop-Asus-Gaming-FXPro---Core-i7-6700HQ---Chnh-hng-i.96461069.4349372821
ASUS VIVOBOOK X509JA CORE I3 1005G1 GEN 10 RAM 8G SSD 256G 15.6INCH FHD,5500000,3,Shop_ID_79999990,79999990,https://shopee.vn/ASUS-VIVOBOOK-X509JA-CORE-I3-1005G1-GEN-10-RAM-8G-SSD-256G-156INCH-FHD-i.79999990.27423732618
Laptop gaming Acer Aspire 5 15 (A515-58GM),13800000,0,Shop_ID_1736066242,1736066242,https://shopee.vn/Laptop-gaming-Acer-Aspire-5-15-A515-58GM-i.1736066242.40929140952
xác laptop lenovo G40-70 Có mọi thứ,99999,4,Shop_ID_16617149,16617149,https://shopee.vn/xc-laptop-lenovo-G40-70-C-mi-th-i.16617149.22768169312
Laptop Dell 2in1 Latitude 5310 Màn Cảm Ứng | Core i5 Gen 10 | RAM 8GB | SSD 256GB | FHD 13.3”,7500000,15,Shop_ID_1577470237,1577470237,https://shopee.vn/Laptop-Dell-2in1-Latitude-5310-Mn-Cm-ng--Core-i5-Gen-10--RAM-8GB--SSD-256GB--FHD-133-i.1577470237.40011779983
Laptop cũ Asus giá rẻ (Ram 4GB / 120GB HDD ) | Qua sử dụng,1500000,96,Shop_ID_78809155,78809155,https://shopee.vn/Laptop-c-Asus-gi-r-Ram-4GB--120GB-HDD---Qua-s-dng-i.78809155.5000077661
"Laptop Cũ Rẻ Các Hãng Ram 8Gb/SSD Core i5 - i7: Dell, HP, Asus,.. Máy Đẹp Đủ Sạc,..Dùng Full Chức Năng",2000000,5,Shop_ID_52087365,52087365,https://shopee.vn/Laptop-C-R-Cc-Hng-Ram-8GbSSD-Core-i5---i7-Dell-HP-Asus-My-p--ScDng-Full-Chc-Nng-i.52087365.19384199766
"Laptop Acer E1-571 cpu i3-3110M ram 4GB ổ cứng 500GB dùng cho văn phòng, học tập chơi game tốt",2200000,0,Shop_ID_227026239,227026239,https://shopee.vn/Laptop-Acer-E1-571-cpu-i3-3110M-ram-4GB--cng-500GB-dng-cho-vn-phng-hc-tp-chi-game-tt-i.227026239.20421488975
LAPTOP CŨ CẤU HÌNH CORE i3 - i5 - i7 PHỤC VỤ HỌC TẬP-VĂN PHÒNG-GIẢI TRÍ (VUI LÒNG ĐỌC KĨ TRƯỚC KHI MUA HÀNG),2900000,8,Shop_ID_78704495,78704495,https://shopee.vn/LAPTOP-C-CU-HNH-CORE-i3---i5---i7-PHC-V-HC-TP-VN-PHNG-GII-TR-VUI-LNG-C-K-TRC-KHI-MUA-HNG-i.78704495.19291868135
Laptop HP mỏng nhẹ rẻ,2309000,0,Shop_ID_67466959,67466959,https://shopee.vn/Laptop-HP-mng-nh-r-i.67466959.56752926434
"Laptop Asus X453SA Intel Pentium N3700, RAM 4GB, HDD 500GB or SSD 128GB, 14 inch, Trắng",3600000,0,Shop_ID_88057624,88057624,https://shopee.vn/Laptop-Asus-X453SA-Intel-Pentium-N3700-RAM-4GB-HDD-500GB-or-SSD-128GB-14-inch-Trng-i.88057624.2232057439
"Laptop MSI Modern 15 F13MG-667VN - Core i5-1334U - 16GB - 512GB - 15.6"" FHD IPS - Bảo hành 24 tháng",18290000,18,Shop_ID_469040198,469040198,https://shopee.vn/Laptop-MSI-Modern-15-F13MG-667VN---Core-i5-1334U---16GB---512GB---156-FHD-IPS---Bo-hnh-24-thng-i.469040198.41472599354
Laptop Dell Inspiron 15 3520 i5-1235U| 8GB| 256GB| Iris Xe | 15.6”| Win 11 + Office | BH 12 Tháng cũ.,17390000,0,Shop_ID_1499956970,1499956970,https://shopee.vn/Laptop-Dell-Inspiron-15-3520-i5-1235U-8GB-256GB-Iris-Xe--156-Win-11--Office--BH-12-Thng-c-i.1499956970.57606762494
Laptop Lenovo ThinkPad X1 Carbon Gen 8 | Core i5/i7-10210U | RAM 8/16GB | SSD 256GB/512GB  | Nhật Thành,8390000,20,Shop_ID_975121152,975121152,https://shopee.vn/Laptop-Lenovo-ThinkPad-X1-Carbon-Gen-8--Core-i5i7-10210U--RAM-816GB--SSD-256GB512GB---Nht-Thnh-i.975121152.41259464208
"Laptop Gaming Dell G7 7588 cấu hình cao, Core i7, Ram 8gb, ổ cứng SSD 256gb, cạc rời VGA GTX 1060, màn hình 15.6 FullHD",10800000,0,Shop_ID_1021994712,1021994712,https://shopee.vn/Laptop-Gaming-Dell-G7-7588-cu-hnh-cao-Core-i7-Ram-8gb--cng-SSD-256gb-cc-ri-VGA-GTX-1060-mn-hnh-156-FullHD-i.1021994712.22958000184
[HCM] Laptop Cũ HP Envy 15-j123TX Core I5-4200M/ Ram 8GB/ SSD 256GB/ VGA Nvidia GeForce GT 740M/ LCD 14.0'' inch,4400000,0,Shop_ID_1507141073,1507141073,https://shopee.vn/HCM-Laptop-C-HP-Envy-15-j123TX-Core-I5-4200M-Ram-8GB-SSD-256GB-VGA-Nvidia-GeForce-GT-740M-LCD-140-inch-i.1507141073.26135924178
"Laptop toshiba màn 12” siêu đẹp, mỏng, nhẹ, cấu hình cao",1648000,0,Shop_ID_885253225,885253225,https://shopee.vn/Laptop-toshiba-mn-12-siu-p-mng-nh-cu-hnh-cao-i.885253225.25540579596
Dell Latitude 7320 i7 1180G7 Detachable 13-Inch FHD+ cảm ứng tách rời phím,16489000,6,Shop_ID_196126372,196126372,https://shopee.vn/Dell-Latitude-7320-i7-1180G7-Detachable-13-Inch-FHD-cm-ng-tch-ri-phm-i.196126372.29463568125
Laptop Asus E 402 N3050/2GB/500GB hàng nhập khẩu giá rẻ siêu bền phù hợp văn phòng full box bảo hành 12 tháng,2200000,0,Shop_ID_96461069,96461069,https://shopee.vn/Laptop-Asus-E-402-N30502GB500GB-hng-nhp-khu-gi-r-siu-bn-ph-hp-vn-phng-full-box-bo-hnh-12-thng-i.96461069.1933839070
Laptop Dell XPS 7390 Mỏng Nhẹ | i5-10th | RAM 8GB | SSD 256GB | Máy Văn Phòng Like New,8800000,1,Shop_ID_800108490,800108490,https://shopee.vn/Laptop-Dell-XPS-7390-Mng-Nh--i5-10th--RAM-8GB--SSD-256GB--My-Vn-Phng-Like-New-i.800108490.22390263989
Laptop Dell inspiron 5510 Core i7 11370H/ Ram 32Gb/ SSD Mvme 512Gb/ 15.6'' IPS FHD/ Hiệu năng cao.,13250000,5,Shop_ID_504512,504512,https://shopee.vn/Laptop-Dell-inspiron-5510-Core-i7-11370H-Ram-32Gb-SSD-Mvme-512Gb-156-IPS-FHD-Hiu-nng-cao-i.504512.44174814431
LAPTOP DELL LATITUDE 3390 2 IN 1,5200000,0,Shop_ID_526818322,526818322,https://shopee.vn/LAPTOP-DELL-LATITUDE-3390-2-IN-1-i.526818322.55551453459
Laptop HP Compag 6520s cũ thanh lý văn phòng,1599000,6,Shop_ID_38429506,38429506,https://shopee.vn/Laptop-HP-Compag-6520s-c-thanh-l-vn-phng-i.38429506.697992536
LAPTOP CŨ CẤU HÌNH CORE i3 - i5 - i7 PHỤC VỤ HỌC TẬP-VĂN PHÒNG-GIẢI TRÍ (VUI LÒNG ĐỌC KĨ TRƯỚC KHI MUA HÀNG),2900000,8,Shop_ID_78704495,78704495,https://shopee.vn/LAPTOP-C-CU-HNH-CORE-i3---i5---i7-PHC-V-HC-TP-VN-PHNG-GII-TR-VUI-LNG-C-K-TRC-KHI-MUA-HNG-i.78704495.19291868135
Máy tính xách tay - Laptop M.A.C pro 14inch 2021 màu bạc Chíp Mờ 1 Pro dung lượng lớn  - Đã qua sử dụng,18990000,39,Shop_ID_798413425,798413425,https://shopee.vn/My-tnh-xch-tay---Laptop-MAC-pro-14inch-2021-mu-bc-Chp-M-1-Pro-dung-lng-ln-----qua-s-dng-i.798413425.27402607756
"laptop cũ giá rẻ dành cho học sinh , sinh viên học tập và giải trí",1200000,1,Shop_ID_898393589,898393589,https://shopee.vn/laptop-c-gi-r-dnh-cho-hc-sinh--sinh-vin-hc-tp-v-gii-tr-i.898393589.40873340268
Laptop Cũ Asus Vivobook A510U Core I3-8130U/ Ram 4GB/ SSD 128GB + HDD 500GB/ VGA Intel UHD Graphics/ LCD 15.6'' inch,4800000,0,Shop_ID_1507141073,1507141073,https://shopee.vn/Laptop-C-Asus-Vivobook-A510U-Core-I3-8130U-Ram-4GB-SSD-128GB--HDD-500GB-VGA-Intel-UHD-Graphics-LCD-156-inch-i.1507141073.26735794448
"Laptop Dell Vostro 3750 Core i7 RAM 4GB, HDD 250GB 17.3inch hàng nhập khẩu + bộ quà tặng",2500000,3,Shop_ID_96461069,96461069,https://shopee.vn/Laptop-Dell-Vostro-3750-Core-i7-RAM-4GB-HDD-250GB-173inch-hng-nhp-khu--b-qu-tng-i.96461069.1647632441
Laptop thinkpad x1 carbon gen 7 Core i5 8th Ram 16GB SSD 256GB Pin>3h,6950000,4,Shop_ID_25826246,25826246,https://shopee.vn/Laptop-thinkpad-x1-carbon-gen-7-Core-i5-8th-Ram-16GB-SSD-256GB-Pin3h-i.25826246.16524276780
"Laptop gaming dell N7559 core i7 6700hq,vga gtx 960 4g, laptop cũ chơi game đồ họa",9200000,158,Shop_ID_796323094,796323094,https://shopee.vn/Laptop-gaming-dell-N7559-core-i7-6700hqvga-gtx-960-4g-laptop-c-chi-game--ha-i.796323094.21725128937
"Laptop Giá Rẻ DELL latitude 5521 I5- 11300H RAM8 SSD 256GB LCD 15,6 inch PIN >3H Chip siêu khủng",8400000,15,Shop_ID_1188557488,1188557488,https://shopee.vn/Laptop-Gi-R-DELL-latitude-5521-I5--11300H-RAM8-SSD-256GB-LCD-156-inch-PIN-3H-Chip-siu-khng-i.1188557488.42720955490
xác laptop lenovo G40-70 Có mọi thứ,99999,4,Shop_ID_16617149,16617149,https://shopee.vn/xc-laptop-lenovo-G40-70-C-mi-th-i.16617149.22768169312
"[VỎ NHÔM] Lenovo Chromebook C340-15 81T9- Màn Cảm Ứng 15.6"" 360 độ - Giải Trí 4K Cực Mượt",3300000,0,Shop_ID_144597753,144597753,https://shopee.vn/V-NHM-Lenovo-Chromebook-C340-15-81T9--Mn-Cm-ng-156-360----Gii-Tr-4K-Cc-Mt-i.144597753.49357050210
"Laptop Dell Latitude 5500 Core i7 8665U | RAM 16G | SSD 256G | Màn 15.6"" FHD - Máy Nhập Khẩu Mới 99%",6799000,0,Shop_ID_222704792,222704792,https://shopee.vn/Laptop-Dell-Latitude-5500-Core-i7-8665U--RAM-16G--SSD-256G--Mn-156-FHD---My-Nhp-Khu-Mi-99-i.222704792.46106267236
LENOVO THINKPAD X260 I5 6300U/ RAM 8GB/ SSD 256G/ 12.5 inch,3650000,4,Shop_ID_127628226,127628226,https://shopee.vn/LENOVO-THINKPAD-X260-I5-6300U-RAM-8GB-SSD-256G-125-inch-i.127628226.25525180423
Laptop mini dell 7280 core i5 core i7 ram 8G màn 12.5 inch mỏng nhẹ bền đẹp.,4940000,1,Shop_ID_10859239,10859239,https://shopee.vn/Laptop-mini-dell-7280-core-i5-core-i7-ram-8G-mn-125-inch-mng-nh-bn-p-i.10859239.23712812655
"[Chỉ GH tận nơi] Laptop HP 250 G10 i5-1334U/16GB/512GB/15.6"" FHD/Win11 (B3WA8AT)",16570000,23,Shop_ID_1431261217,1431261217,https://shopee.vn/Ch-GH-tn-ni-Laptop-HP-250-G10-i5-1334U16GB512GB156-FHDWin11-B3WA8AT-i.1431261217.55751109615
"ACER Predator Helios Neo 16 - Core i7-13700HX RAM 16G SSD 512G RTX 4060 8GB  Màn 16"" 2K 165Hz",24300000,27,Shop_ID_1326205420,1326205420,https://shopee.vn/ACER-Predator-Helios-Neo-16---Core-i7-13700HX-RAM-16G-SSD-512G-RTX-4060-8GB--Mn-16-2K-165Hz-i.1326205420.27766423223
"Laptop Lenovo Gaming LOQ E 15IAX9E i5 12450HX/16GB/512GB/15.6""FHD/RTX 3050 6GB/Win 11",22490000,163,Shop_ID_1431261217,1431261217,https://shopee.vn/Laptop-Lenovo-Gaming-LOQ-E-15IAX9E-i5-12450HX16GB512GB156FHDRTX-3050-6GBWin-11-i.1431261217.43405771246
Laptop Asus GL552 Gaming core i7 vỏ nhôm cao cấp - Chính hãng,5900000,0,Shop_ID_96461069,96461069,https://shopee.vn/Laptop-Asus-GL552-Gaming-core-i7-v-nhm-cao-cp---Chnh-hng-i.96461069.7249366953
HP PROBOOK 450 G5 CORE I5 7200U RAM 8G SSD 256G 15.6INCH GIÁ RẺ,4990000,4,Shop_ID_79999990,79999990,https://shopee.vn/HP-PROBOOK-450-G5-CORE-I5-7200U-RAM-8G-SSD-256G-156INCH-GI-R-i.79999990.24120630833
"Laptop văn phòng HP 430 G5/G6 i5-8250u, ram 8GB/16GB, SSD 256GB/512GB, màn 13,3"" HD nhỏ gọn",5000000,19,Shop_ID_203002179,203002179,https://shopee.vn/Laptop-vn-phng-HP-430-G5G6-i5-8250u-ram-8GB16GB-SSD-256GB512GB-mn-133-HD-nh-gn-i.203002179.29740480817
Laptop Dell Inspiron 14 5430 | Intel® Core™ i5-1335U|DDR5 8GB | SSD NVME 256G |15.6 inh FHD,9800000,0,Shop_ID_1001261387,1001261387,https://shopee.vn/Laptop-Dell-Inspiron-14-5430--Intel-Core-i5-1335UDDR5-8GB--SSD-NVME-256G-156-inh-FHD-i.1001261387.46501198888
"Laptop Cũ Rẻ Các Hãng Ram 8Gb/SSD Core i5 - i7: Dell, HP, Asus,.. Máy Đẹp Đủ Sạc,..Dùng Full Chức Năng",2000000,5,Shop_ID_52087365,52087365,https://shopee.vn/Laptop-C-R-Cc-Hng-Ram-8GbSSD-Core-i5---i7-Dell-HP-Asus-My-p--ScDng-Full-Chc-Nng-i.52087365.19384199766
[HCM] Laptop Cũ Asus X550LD Core I5-4210U/ Ram 8GB/ SSD 240GB/ VGA Nvidia GeForce 820M/ LCD 15.6'' inch.,3900000,0,Shop_ID_1507141073,1507141073,https://shopee.vn/HCM-Laptop-C-Asus-X550LD-Core-I5-4210U-Ram-8GB-SSD-240GB-VGA-Nvidia-GeForce-820M-LCD-156-inch-i.1507141073.26685801315
Laptop nhỏ gọn màn 12inch Dell 7290 Core i5 8250U Ram 8G SSD 256G Mỏng nhẹ Đẹp Keng Thời trang - Máy Tính Chạy 24/24,4875834,2,Shop_ID_10859239,10859239,https://shopee.vn/Laptop-nh-gn-mn-12inch-Dell-7290-Core-i5-8250U-Ram-8G-SSD-256G-Mng-nh-p-Keng-Thi-trang---My-Tnh-Chy-2424-i.10859239.22759969926
"Dell Latitude 6430,Laptop Dell E6430 Core i5-3220M/4GB/SSD 120GB/VGA/14inch HD, laptop lướt giá rẻ",1950000,21,Shop_ID_1137481024,1137481024,https://shopee.vn/Dell-Latitude-6430Laptop-Dell-E6430-Core-i5-3220M4GBSSD-120GBVGA14inch-HD-laptop-lt-gi-r-i.1137481024.24283844137
"[Chỉ GH tận nơi] Asus Vivobook 15 X1502VA-BQ886W i7-13620H/16GB/512GB/15.6"" FHD/Win11",19930000,54,Shop_ID_1431261217,1431261217,https://shopee.vn/Ch-GH-tn-ni-Asus-Vivobook-15-X1502VA-BQ886W-i7-13620H16GB512GB156-FHDWin11-i.1431261217.26937818974
Laptop Lenovo Thinkpad X1 Carbon Gen 6 core i5-8250U/ 8GB/ 256GB/ 14inch FullHD,6150000,1,Shop_ID_25826246,25826246,https://shopee.vn/Laptop-Lenovo-Thinkpad-X1-Carbon-Gen-6-core-i5-8250U-8GB-256GB-14inch-FullHD-i.25826246.54750147016
Laptop Gaming Core i5 Ram 6G SSD Online BH 12 Tháng,3700000,0,Shop_ID_52087365,52087365,https://shopee.vn/Laptop-Gaming-Core-i5-Ram-6G-SSD-Online-BH-12-Thng-i.52087365.26859695213
"Laptop Asus Vivobook E1404FA-EB482W R5-7520U/16GB/512GB/14.0""FHD/Win11-Hàng New 100% Chính Hãng",13500000,0,Shop_ID_82550480,82550480,https://shopee.vn/Laptop-Asus-Vivobook-E1404FA-EB482W-R5-7520U16GB512GB140FHDWin11-Hng-New-100-Chnh-Hng-i.82550480.44607109761
"🌟 DELL LATITUDE 7290 i5th8– LAPTOP DOANH NHÂN “CHẤT” NHƯ NƯỚC CẤT! 🌟 💰 Giá chưa đến 4 triệu –Nhỏ gọn, mạnh mẽ, pin trâu",3990000,7,Shop_ID_18675286,18675286,https://shopee.vn/DELL-LATITUDE-7290-i5th8-LAPTOP-DOANH-NHN-CHT-NH-NC-CT---Gi-cha-n-4-triu-Nh-gn-mnh-m-pin-tru-i.18675286.28375074247
[HCM] Laptop Cũ HP Envy 15-j123TX Core I5-4200M/ Ram 8GB/ SSD 256GB/ VGA Nvidia GeForce GT 740M/ LCD 14.0'' inch,4400000,0,Shop_ID_1507141073,1507141073,https://shopee.vn/HCM-Laptop-C-HP-Envy-15-j123TX-Core-I5-4200M-Ram-8GB-SSD-256GB-VGA-Nvidia-GeForce-GT-740M-LCD-140-inch-i.1507141073.26135924178
"[Giá rẻ nhất] Laptop Dell 7400 Core i7 -8th /Ram 16Gb/SSD 256Gb, FHD Mới 99%",7500000,1,Shop_ID_25826246,25826246,https://shopee.vn/Gi-r-nht-Laptop-Dell-7400-Core-i7--8th-Ram-16GbSSD-256Gb-FHD-Mi-99-i.25826246.40526723670
Laptop Dell Vostro 14-5480 mỏng nhẹ đẹp - có card đồ hoạ rời chiến game làm đồ hoạ ok,4800000,0,Shop_ID_12945651,12945651,https://shopee.vn/Laptop-Dell-Vostro-14-5480-mng-nh-p---c-card--ho-ri-chin-game-lm--ho-ok-i.12945651.23613974677
Laptop Lenovo Legion 5 Pro 2023 - Ryzen 9-7945HX  RAM 16G SSD 1TB  RTX 4060  Màn 16 Inch 2K 240Hz,31800000,2,Shop_ID_1326205420,1326205420,https://shopee.vn/Laptop-Lenovo-Legion-5-Pro-2023---Ryzen-9-7945HX--RAM-16G-SSD-1TB--RTX-4060--Mn-16-Inch-2K-240Hz-i.1326205420.29767074139
"Laptop gía rẻ, máy tính xách tay phổ thông i3 i5 i7 các hãng Dell HP Lenovo Acer Asus Fujitsu Toshiba và nhiều hãng khác",1880000,0,Shop_ID_159645906,159645906,https://shopee.vn/Laptop-ga-r-my-tnh-xch-tay-ph-thng-i3-i5-i7-cc-hng-Dell-HP-Lenovo-Acer-Asus-Fujitsu-Toshiba-v-nhiu-hng-khc-i.159645906.41678843740
Laptop xách tay màu trắng Gaming HP i5 Ram 8G Ssd 128gb Bảo Hành 12/2025,3700000,0,Shop_ID_52087365,52087365,https://shopee.vn/Laptop-xch-tay-mu-trng-Gaming-HP-i5-Ram-8G-Ssd-128gb-Bo-Hnh-122025-i.52087365.28430156516
Laptop core 2 Core i3 Core i5 giá rẻ hợp túi tiền phục vụ Học tập giải trí,1548794,12,Shop_ID_10859239,10859239,https://shopee.vn/Laptop-core-2-Core-i3-Core-i5-gi-r-hp-ti-tin-phc-v-Hc-tp-gii-tr-i.10859239.19988957346
HP PAVILION LAPTOP 14 INTEL CORE I3 7100U RAM 8G SSD 256G 14INCH FULLHD,4500000,0,Shop_ID_79999990,79999990,https://shopee.vn/HP-PAVILION-LAPTOP-14-INTEL-CORE-I3-7100U-RAM-8G-SSD-256G-14INCH-FULLHD-i.79999990.41856182725
Micorsoft Surface Pro 5 Core i5-7300U l Ram 8GB l SSD 256GB - Tablet Laptop 2in1 Cảm Ứng - Tặng Kèm Túi Chống Sốc,4900000,87,Shop_ID_250887560,250887560,https://shopee.vn/Micorsoft-Surface-Pro-5-Core-i5-7300U-l-Ram-8GB-l-SSD-256GB---Tablet-Laptop-2in1-Cm-ng---Tng-Km-Ti-Chng-Sc-i.250887560.43365469249
Dell Latitude 7320 i7 1180G7 Detachable 13-Inch FHD+ cảm ứng tách rời phím,16489000,6,Shop_ID_196126372,196126372,https://shopee.vn/Dell-Latitude-7320-i7-1180G7-Detachable-13-Inch-FHD-cm-ng-tch-ri-phm-i.196126372.29463568125
Laptop Gaming Acer Nitro V ProPanel ANV15-52-74UM GeForce RTX™ 3050 6GB / Core 7 240H / 16GB/ 512GB,31690000,0,Shop_ID_383770348,383770348,https://shopee.vn/Laptop-Gaming-Acer-Nitro-V-ProPanel-ANV15-52-74UM-GeForce-RTX-3050-6GB--Core-7-240H--16GB-512GB-i.383770348.47506601245
ASUS TUF GAMING FX505 CORE I5 8300H RAM 8G SSD 512G 15.6INCH FHD VGA 4GB,7900000,8,Shop_ID_79999990,79999990,https://shopee.vn/ASUS-TUF-GAMING-FX505-CORE-I5-8300H-RAM-8G-SSD-512G-156INCH-FHD-VGA-4GB-i.79999990.26286795362
DELL PRECISION 5520 XEON E3-1505M RAM 16G SSD 512G 15.6INCH FHD IPS VGA 4GB,10500000,4,Shop_ID_79999990,79999990,https://shopee.vn/DELL-PRECISION-5520-XEON-E3-1505M-RAM-16G-SSD-512G-156INCH-FHD-IPS-VGA-4GB-i.79999990.29866724204
Laptop Lenovo Thinkpad L390 | I3/I5 THẾ HỆ (GEN) 8/10 | Ram 8GB | SSD 256GB | 13.3 inch,4960999,0,Shop_ID_16449163,16449163,https://shopee.vn/Laptop-Lenovo-Thinkpad-L390--I3I5-TH-H-GEN-810--Ram-8GB--SSD-256GB--133-inch-i.16449163.44078876610
HP probook 450-G10 core i5-1335U 13th GEN. 2.5GHz đồ hoạ Iris Xe 16GB RAM 512GB SSD Win11 Pro,10500000,1,Shop_ID_1029988597,1029988597,https://shopee.vn/HP-probook-450-G10-core-i5-1335U-13th-GEN-25GHz--ho-Iris-Xe-16GB-RAM-512GB-SSD-Win11-Pro-i.1029988597.26639314287
Thinkpad T470 -  i5-7300U  –Gon Nhẹ –Doanh Nhân – Siêu Bền - Viền mỏng– Hợp Thời,4990000,7,Shop_ID_155891360,155891360,https://shopee.vn/Thinkpad-T470----i5-7300U--Gon-Nhe-Doanh-Nhn--Siu-Bn---Vin-mong-Hp-Thi-i.155891360.43209426016
"Laptop Acer E1-571 cpu i3-3110M ram 4GB ổ cứng 500GB dùng cho văn phòng, học tập chơi game tốt",2200000,0,Shop_ID_227026239,227026239,https://shopee.vn/Laptop-Acer-E1-571-cpu-i3-3110M-ram-4GB--cng-500GB-dng-cho-vn-phng-hc-tp-chi-game-tt-i.227026239.20421488975
"LAPTOP GAMING ASUS STRIX 15 GL503GE, I7-8750H, 8G, SSD 128G & HDD 500G,GTX 1050Ti 4G,MÀN 15.6IN FHD IPS 120Hz, LED 7 MÀU",8000000,0,Shop_ID_250780405,250780405,https://shopee.vn/LAPTOP-GAMING-ASUS-STRIX-15-GL503GE-I7-8750H-8G-SSD-128G--HDD-500GGTX-1050Ti-4GMN-156IN-FHD-IPS-120Hz-LED-7-MU-i.250780405.57856735900
"Laptop Lenovo G40-30 sử dụng cho văn phòng, in hoá đơn online, học online",1760000,6,Shop_ID_224768122,224768122,https://shopee.vn/Laptop-Lenovo-G40-30-s-dng-cho-vn-phng-in-ho-n-online-hc-online-i.224768122.26112394632
LAPTOP VĂN PHÒNG-DELL INSPIRON 5458 CORE I3 5005U RAM 8G SSD 128G 14INCH,3800000,2,Shop_ID_79999990,79999990,https://shopee.vn/LAPTOP-VN-PHNG-DELL-INSPIRON-5458-CORE-I3-5005U-RAM-8G-SSD-128G-14INCH-i.79999990.27203279858
Laptop cũ Asus giá rẻ (Ram 4GB / 120GB HDD ) | Qua sử dụng,1500000,96,Shop_ID_78809155,78809155,https://shopee.vn/Laptop-c-Asus-gi-r-Ram-4GB--120GB-HDD---Qua-s-dng-i.78809155.5000077661
Máy tính Dell i7 Laptop Gaming i7 ram 8G Ssd bảo hành 12 tháng,3700000,0,Shop_ID_52087365,52087365,https://shopee.vn/My-tnh-Dell-i7-Laptop-Gaming-i7-ram-8G-Ssd-bo-hnh-12-thng-i.52087365.43463586999
Laptop CMS văn phòng cực bền thanh lý văn phòng,1599000,3,Shop_ID_38429506,38429506,https://shopee.vn/Laptop-CMS-vn-phng-cc-bn-thanh-l-vn-phng-i.38429506.750960823
Dell inspiron 5501 Core i7 1065G7/ Ram 16Gb/ SSD Mvme 512Gb/ Nvidia MX330/ 15.6'' IPS FHD/ BH 1 năm.,12550000,2,Shop_ID_504512,504512,https://shopee.vn/Dell-inspiron-5501-Core-i7-1065G7-Ram-16Gb-SSD-Mvme-512Gb-Nvidia-MX330-156-IPS-FHD-BH-1-nm-i.504512.23143776310
ASUS ROG STRIX G513IH AMD RYZEN 7 4800H RAM 16G SSD 512G 15.6INCH 144HZ GTX 1650,13300000,11,Shop_ID_79999990,79999990,https://shopee.vn/ASUS-ROG-STRIX-G513IH-AMD-RYZEN-7-4800H-RAM-16G-SSD-512G-156INCH-144HZ-GTX-1650-i.79999990.55653842032
LAPTOP  ASUS VIVOBOOK X530FN/I7 8565/8G/SSD 256G/MÀN 15.6IN FHD IPS TRÀN VIỀN/PHÍM LED/VỎ KIM LOẠI/PIN 2H/FULL&ZIN,5300000,0,Shop_ID_250780405,250780405,https://shopee.vn/LAPTOP--ASUS-VIVOBOOK-X530FNI7-85658GSSD-256GMN-156IN-FHD-IPS-TRN-VINPHM-LEDV-KIM-LOIPIN-2HFULLZIN-i.250780405.48255485266
LAPTOP ASUS GAMING N550LF CORE I7 4500U RAM 8G SSD 256G 15.6INCH VGA ĐÈN PHÍM,5800000,2,Shop_ID_79999990,79999990,https://shopee.vn/LAPTOP-ASUS-GAMING-N550LF-CORE-I7-4500U-RAM-8G-SSD-256G-156INCH-VGA-N-PHM-i.79999990.26850270355
Laptop Nhập Khẩu Nhật - Mỹ Dell Latitude 7490 E7490 i5-8250U RAM 16GB SSD Nvme 256GB Màn hình 14' FullHD,5390000,9,Shop_ID_10859239,10859239,https://shopee.vn/Laptop-Nhp-Khu-Nht---M-Dell-Latitude-7490-E7490-i5-8250U-RAM-16GB-SSD-Nvme-256GB-Mn-hnh-14-FullHD-i.10859239.28493133182
[FLASH SALE] Laptop Xách Tay Dell Latitude 5300 i3 8145U vPro | 8GB/ 256/512GB SSD | 13.3 inch,6277777,0,Shop_ID_81687671,81687671,https://shopee.vn/FLASH-SALE-Laptop-Xch-Tay-Dell-Latitude-5300-i3-8145U-vPro--8GB-256512GB-SSD--133-inch-i.81687671.28865701530
Laptop Dell Latitude 7480 Core i7 Ram 16G SSD 256 Full HD đẹp keeng 99% Hàng Nhập Mỹ Phím Led,5999000,179,Shop_ID_796323094,796323094,https://shopee.vn/Laptop-Dell-Latitude-7480-Core-i7-Ram-16G-SSD-256-Full-HD-p-keeng-99-Hng-Nhp-M-Phm-Led-i.796323094.20720431565
Laptop dell siêu chất thích hợp anh chị cần máy đẹp - giá rẻ - bền,2800000,0,Shop_ID_1253076748,1253076748,https://shopee.vn/Laptop-dell-siu-cht-thch-hp-anh-ch-cn-my-p---gi-r---bn-i.1253076748.28181128110
Thanh Lý Laptop Lenovo Ideapad 3 15IIL05 cảm ứng mượt như Ipad,8000000,0,Shop_ID_1253076748,1253076748,https://shopee.vn/Thanh-L-Laptop-Lenovo-Ideapad-3-15IIL05-cm-ng-mt-nh-Ipad-i.1253076748.26701163285
Laptop HP Probook 450 G8: i7-1165G7/16gbRam/256SSD/15.6inch,7800000,3,Shop_ID_161665419,161665419,https://shopee.vn/Laptop-HP-Probook-450-G8-i7-1165G716gbRam256SSD156inch-i.161665419.47906965452
"Laptop Acer E1-571 cpu i3-3110M ram 4GB ổ cứng 500GB dùng cho văn phòng, học tập chơi game tốt",2200000,0,Shop_ID_227026239,227026239,https://shopee.vn/Laptop-Acer-E1-571-cpu-i3-3110M-ram-4GB--cng-500GB-dng-cho-vn-phng-hc-tp-chi-game-tt-i.227026239.20421488975
Asus Vivobook 14 A412 A412F A412D X412 X412D X412F X412U F412,430000,2,Shop_ID_677135516,677135516,https://shopee.vn/Asus-Vivobook-14-A412-A412F-A412D-X412-X412D-X412F-X412U-F412-i.677135516.26257128206
"Laptop cũ HP Probook 6570B Core i5 3320M RAM 4GB - HDD 320GB , Nhập Khẩu Mỹ , Laptop Giá rẻ , Bảo hành 12 tháng",2200000,3,Shop_ID_96461069,96461069,https://shopee.vn/Laptop-c-HP-Probook-6570B-Core-i5-3320M-RAM-4GB---HDD-320GB--Nhp-Khu-M--Laptop-Gi-r--Bo-hnh-12-thng-i.96461069.4544208548
LAPTOP ACER NITRO 5 CORE I5 8300H RAM 16GB SSD 512G 15.6INCH FHD GTX 1050,7800000,6,Shop_ID_79999990,79999990,https://shopee.vn/LAPTOP-ACER-NITRO-5-CORE-I5-8300H-RAM-16GB-SSD-512G-156INCH-FHD-GTX-1050-i.79999990.24631160165
"Laptop Gaming ACER intel i5 giá rẻ bảo hành 12 tháng-văn phòng, học tập, làm việc",3500000,0,Shop_ID_52087365,52087365,https://shopee.vn/Laptop-Gaming-ACER-intel-i5-gi-r-bo-hnh-12-thng-vn-phng-hc-tp-lm-vic-i.52087365.43906819755
"[SALE SỐC] Laptop Lenovo Yoga Slim 7 14IIL05 core i5-1035G4, RAM 8GB, SSD 256GB  Win10.(Cũ)",9325000,3,Shop_ID_38577157,38577157,https://shopee.vn/SALE-SC-Laptop-Lenovo-Yoga-Slim-7-14IIL05-core-i5-1035G4-RAM-8GB-SSD-256GB--Win10C-i.38577157.28169249857
"[Chỉ GH tận nơi] Laptop Acer Aspire Lite 14 Gen2 AL14-52M-32KV i3-1305U/8GB/256GB/14"" WUXGA/Win11",12890000,46,Shop_ID_1431261217,1431261217,https://shopee.vn/Ch-GH-tn-ni-Laptop-Acer-Aspire-Lite-14-Gen2-AL14-52M-32KV-i3-1305U8GB256GB14-WUXGAWin11-i.1431261217.40255772370
"HP NOTEBOOK 14-AM060TU, CHIP THẾ HỆ MỚI 2017, RAM 4GB-500GB, NGUYÊN TEM ZIN",1800000,5,Shop_ID_72977012,72977012,https://shopee.vn/HP-NOTEBOOK-14-AM060TU-CHIP-TH-H-MI-2017-RAM-4GB-500GB-NGUYN-TEM-ZIN-i.72977012.25083278317
SONY VAIO VJPG11C11N /Core i5 8250U /RAM 8GB /SSD 256GB / 12.5 inch Full HD mỏng nhẹ,4190000,0,Shop_ID_85227202,85227202,https://shopee.vn/SONY-VAIO-VJPG11C11N-Core-i5-8250U-RAM-8GB-SSD-256GB--125-inch-Full-HD-mng-nh-i.85227202.46156600880
Laptop Dell Vostro 14-5480 mỏng nhẹ đẹp - có card đồ hoạ rời chiến game làm đồ hoạ ok,4800000,0,Shop_ID_12945651,12945651,https://shopee.vn/Laptop-Dell-Vostro-14-5480-mng-nh-p---c-card--ho-ri-chin-game-lm--ho-ok-i.12945651.23613974677
LAPTOP DELL LATITUDE 3390 2 IN 1,5200000,0,Shop_ID_526818322,526818322,https://shopee.vn/LAPTOP-DELL-LATITUDE-3390-2-IN-1-i.526818322.55551453459
"Laptop cũ học tập, chơi game Core i3 i5 các hãng Ram 4gb - 8gb",1899000,16,Shop_ID_1198982361,1198982361,https://shopee.vn/Laptop-c-hc-tp-chi-game-Core-i3-i5-cc-hng-Ram-4gb---8gb-i.1198982361.28986808199
Laptop gaming Acer Aspire 5 15 (A515-58GM),13800000,0,Shop_ID_1736066242,1736066242,https://shopee.vn/Laptop-gaming-Acer-Aspire-5-15-A515-58GM-i.1736066242.40929140952
LAPTOP ASUS GAMING N550LF CORE I7 4500U RAM 8G SSD 256G 15.6INCH VGA ĐÈN PHÍM,5800000,2,Shop_ID_79999990,79999990,https://shopee.vn/LAPTOP-ASUS-GAMING-N550LF-CORE-I7-4500U-RAM-8G-SSD-256G-156INCH-VGA-N-PHM-i.79999990.26850270355
Laptop toshiba màn 12” siêu mỏng nhẹ cấu hình cao,1650000,0,Shop_ID_90215805,90215805,https://shopee.vn/Laptop-toshiba-mn-12-siu-mng-nh-cu-hnh-cao-i.90215805.23137683362
Dell Latitude 3590 Core™ i5 | Core™ i3 | 8250U | Ram 8G | SSD 256G | HD Graphics 620 |MH 15.6,5100000,71,Shop_ID_970204172,970204172,https://shopee.vn/Dell-Latitude-3590-Core-i5--Core-i3--8250U--Ram-8G--SSD-256G--HD-Graphics-620-MH-156-i.970204172.24209932920
"Laptop Lenovo ThinkPad X13 Yoga Gen 2 (CPU Gen11, cảm ứng xoay gập 360°, bút cảm ứng, mỏng nhẹ)",6999000,4,Shop_ID_369728693,369728693,https://shopee.vn/Laptop-Lenovo-ThinkPad-X13-Yoga-Gen-2-CPU-Gen11-cm-ng-xoay-gp-360-bt-cm-ng-mng-nh-i.369728693.29811681159
"[VỎ NHÔM] Lenovo Chromebook C340-15 81T9- Màn Cảm Ứng 15.6"" 360 độ - Giải Trí 4K Cực Mượt",3300000,0,Shop_ID_144597753,144597753,https://shopee.vn/V-NHM-Lenovo-Chromebook-C340-15-81T9--Mn-Cm-ng-156-360----Gii-Tr-4K-Cc-Mt-i.144597753.49357050210
"Laptop Thinkpad X1 Yoga Gen 4 2in1 i7-8665u/ Ram 16Gb/ SSD 512Gb/ Màn 14.0"" FHD touch( Tặng kèm bút theo máy)",10750000,2,Shop_ID_102078029,102078029,https://shopee.vn/Laptop-Thinkpad-X1-Yoga-Gen-4-2in1-i7-8665u-Ram-16Gb-SSD-512Gb-Mn-140-FHD-touch-Tng-km-bt-theo-my-i.102078029.28138928877
Laptop văn phòng Asus notebook P1412CE Core i5-1135G7 mạnh mẽ,5390000,2,Shop_ID_94666867,94666867,https://shopee.vn/Laptop-vn-phng-Asus-notebook-P1412CE-Core-i5-1135G7-mnh-m-i.94666867.44105835284
Laptop Dell Latitudel 6430 i5/Ram4G Nhập khẩu 100% Japan full box zin all bảo hành 12 tháng,2100000,5,Shop_ID_96461069,96461069,https://shopee.vn/Laptop-Dell-Latitudel-6430-i5Ram4G-Nhp-khu-100-Japan-full-box-zin-all-bo-hnh-12-thng-i.96461069.1647632610
Laptop Nhập Khẩu Nhật - Mỹ Dell Latitude 7490 E7490 i5-8250U RAM 16GB SSD Nvme 256GB Màn hình 14' FullHD,5390000,9,Shop_ID_10859239,10859239,https://shopee.vn/Laptop-Nhp-Khu-Nht---M-Dell-Latitude-7490-E7490-i5-8250U-RAM-16GB-SSD-Nvme-256GB-Mn-hnh-14-FullHD-i.10859239.28493133182
LAPTOP ASUS VIVOBOOK X521EA/I5-1135G7/8G/NVME 512G/MÀN 15.6IN FHD IPS TRÀN VIỀN/PIN 3H/VỎ KIM LOẠI/FULL&ZIN,7600000,0,Shop_ID_250780405,250780405,https://shopee.vn/LAPTOP-ASUS-VIVOBOOK-X521EAI5-1135G78GNVME-512GMN-156IN-FHD-IPS-TRN-VINPIN-3HV-KIM-LOIFULLZIN-i.250780405.45054600365
Laptop Nec PC-N135CDAL | AMD Ryzen™ 5 5500U | DDR4 8GB | NVME 256GB | 13.3inch FHD IPS - Máy siêu nhẹ,7300000,0,Shop_ID_1001261387,1001261387,https://shopee.vn/Laptop-Nec-PC-N135CDAL--AMD-Ryzen-5-5500U--DDR4-8GB--NVME-256GB--133inch-FHD-IPS---My-siu-nh-i.1001261387.28493175331
"Laptop Giá Rẻ DELL latitude 5521 I5- 11300H RAM8 SSD 256GB LCD 15,6 inch PIN >3H Chip siêu khủng",8400000,15,Shop_ID_1188557488,1188557488,https://shopee.vn/Laptop-Gi-R-DELL-latitude-5521-I5--11300H-RAM8-SSD-256GB-LCD-156-inch-PIN-3H-Chip-siu-khng-i.1188557488.42720955490
Laptop Toshiba Nhật bền bỉ - RAM 8GB mượt mà - Chạy Windows 10 Pro.,4000000,0,Shop_ID_461241310,461241310,https://shopee.vn/Laptop-Toshiba-Nht-bn-b---RAM-8GB-mt-m---Chy-Windows-10-Pro-i.461241310.50954764363
Laptop Lenovo Thinkpad X1 Carbon Gen 6 core i5-8250U/ 8GB/ 256GB/ 14inch FullHD,6150000,1,Shop_ID_25826246,25826246,https://shopee.vn/Laptop-Lenovo-Thinkpad-X1-Carbon-Gen-6-core-i5-8250U-8GB-256GB-14inch-FullHD-i.25826246.54750147016
Laptop Panasonic Core i3 CF-N9 12 inch - Có cổng HDMI - Usb 3.0,1400000,0,Shop_ID_38982217,38982217,https://shopee.vn/Laptop-Panasonic-Core-i3-CF-N9-12-inch---C-cng-HDMI---Usb-30-i.38982217.4705495416
Rã xác laptop toshiba c640,61585,7,Shop_ID_27016235,27016235,https://shopee.vn/R-xc-laptop-toshiba-c640-i.27016235.24920638047
Laptop cũ giá rẻ core i3 i5 ram 4gb - 8gb học tập làm việc,1999000,0,Shop_ID_1472668232,1472668232,https://shopee.vn/Laptop-c-gi-r-core-i3-i5-ram-4gb---8gb-hc-tp-lm-vic-i.1472668232.41055595916
HP PAVILION LAPTOP 14 INTEL CORE I3 7100U RAM 8G SSD 256G 14INCH FULLHD,4500000,0,Shop_ID_79999990,79999990,https://shopee.vn/HP-PAVILION-LAPTOP-14-INTEL-CORE-I3-7100U-RAM-8G-SSD-256G-14INCH-FULLHD-i.79999990.41856182725
"Laptop Dell Precision 7520 i7-6820HQ/7820HQ,16GB, SSD 256GB/512GB,Card rời 4GB, 15.6"" Full HD",6800000,0,Shop_ID_19579780,19579780,https://shopee.vn/Laptop-Dell-Precision-7520-i7-6820HQ7820HQ16GB-SSD-256GB512GBCard-ri-4GB-156-Full-HD-i.19579780.42165615073
[Máy Mới] Laptop Asus VivoBook  14 X1404V Core i5 1334U/ Ram 12Gb/ SSD Mvme 512Gb/14 '' IPS Full HD,14250000,0,Shop_ID_504512,504512,https://shopee.vn/My-Mi-Laptop-Asus-VivoBook--14-X1404V-Core-i5-1334U-Ram-12Gb-SSD-Mvme-512Gb14--IPS-Full-HD-i.504512.50003864260
"Laptop cũ chơi game liên minh huyền thoại, pubg, AUtion ...vv nhiều lựa chọn i3 i5 i7 Giá tốt nhất",4900000,0,Shop_ID_898393589,898393589,https://shopee.vn/Laptop-c-chi-game-lin-minh-huyn-thoi-pubg-AUtion-vv-nhiu-la-chn-i3-i5-i7-Gi-tt-nht-i.898393589.22037541905
DELL INSPIRON GAMING 5559 CORE I7 6500U RAM 16G SSD 256G 15.6INCH VGA,5900000,3,Shop_ID_79999990,79999990,https://shopee.vn/DELL-INSPIRON-GAMING-5559-CORE-I7-6500U-RAM-16G-SSD-256G-156INCH-VGA-i.79999990.23290222899
"LAPTOP GAMING MSI SWORD 15 A11UD, I7-11800H, 8G, SSD 256G, RTX 3050Ti 4G, MÀN 15.6IN FHD IPS TRÀN VIỀN 144Hz",13800000,0,Shop_ID_250780405,250780405,https://shopee.vn/LAPTOP-GAMING-MSI-SWORD-15-A11UD-I7-11800H-8G-SSD-256G-RTX-3050Ti-4G-MN-156IN-FHD-IPS-TRN-VIN-144Hz-i.250780405.51956729661
"Laptop HP Elitebook 830 G5 - Core i7 8650U | RAM 8GB | SSD 256GB | Màn 13.3"" FHD | Vỏ Nhôm Sang Trọng, Mỏng Nhẹ 99%",5999000,0,Shop_ID_222704792,222704792,https://shopee.vn/Laptop-HP-Elitebook-830-G5---Core-i7-8650U--RAM-8GB--SSD-256GB--Mn-133-FHD--V-Nhm-Sang-Trng-Mng-Nh-99-i.222704792.41478648196
"LAPTOP ASUS VIVOBOOK X510UNR, 8G, I5-8250U, SSD 120G, MX150 2G, MÀN 15.6IN FHD IPS, PIN 2H, FULL&ZIN",4700000,3,Shop_ID_250780405,250780405,https://shopee.vn/LAPTOP-ASUS-VIVOBOOK-X510UNR-8G-I5-8250U-SSD-120G-MX150-2G-MN-156IN-FHD-IPS-PIN-2H-FULLZIN-i.250780405.56406043565
"Laptop dell core i5, ram 4gb/8gb, ssd 120gb, màn 14.0 inch -15.6 inch",2000000,1,Shop_ID_1253076748,1253076748,https://shopee.vn/Laptop-dell-core-i5-ram-4gb8gb-ssd-120gb-mn-140-inch--156-inch-i.1253076748.41453547461
LAPTOP CORE I GIÁ RẺ,1500000,9,Shop_ID_65388231,65388231,https://shopee.vn/LAPTOP-CORE-I-GI-R-i.65388231.5712276575
"LAPTOP ACER NITRO AN515-43, RYZEN 7 3750H, 8G, SSD 256G, RX 560X  4G, MÀN 15.6IN FHD IPS TRÀN VIỀN, LED ĐỎ",8500000,2,Shop_ID_250780405,250780405,https://shopee.vn/LAPTOP-ACER-NITRO-AN515-43-RYZEN-7-3750H-8G-SSD-256G-RX-560X--4G-MN-156IN-FHD-IPS-TRN-VIN-LED-i.250780405.48657119186
Thanh lý Laptop MSI CORE I7-6700HQ @ 2.6GHZ,7500000,0,Shop_ID_1253076748,1253076748,https://shopee.vn/Thanh-l-Laptop-MSI-CORE-I7-6700HQ--26GHZ-i.1253076748.27051213669
ASUS TUF GAMING FX506 I5 11400H RAM 16G SSD 512G 15.6INCH 144HZ RTX 2050 RGB,13500000,10,Shop_ID_79999990,79999990,https://shopee.vn/ASUS-TUF-GAMING-FX506-I5-11400H-RAM-16G-SSD-512G-156INCH-144HZ-RTX-2050-RGB-i.79999990.44175101076
"♦️HP 830G6 Elitebook|ĐẸP KHÔNG TỲ VẾT|Core I5 Gen 8, Ram 8G, SSD 256 13.3”| LAPTOP CŨ GIÁ RẺ",5690000,0,Shop_ID_296198972,296198972,https://shopee.vn/HP-830G6-ElitebookP-KHNG-T-VTCore-I5-Gen-8-Ram-8G-SSD-256-133-LAPTOP-C-GI-R-i.296198972.40778920590
"Laptop Acer Nitro 5 2021 - Core i7-11800H RAM 16G SSD 512G RTX 3050 4GB Màn 15,6 Inch FHD 144Hz",14800000,0,Shop_ID_186107166,186107166,https://shopee.vn/Laptop-Acer-Nitro-5-2021---Core-i7-11800H-RAM-16G-SSD-512G-RTX-3050-4GB-Mn-156-Inch-FHD-144Hz-i.186107166.43808713685
Máy Tính Xách Tay Màn Hình 14 Inch Hd 1366×768 Laptop Dell I5 Giá Rẻ,1899000,1,Shop_ID_1001788460,1001788460,https://shopee.vn/My-Tnh-Xch-Tay-Mn-Hnh-14-Inch-Hd-1366768-Laptop-Dell-I5-Gi-R-i.1001788460.21489314203
"Laptop Colorful Rimbook L1 i5-12450H/16GB/512GB/15.6"" FHD/Win11_CE50016512C-G-E1AD",14290000,336,Shop_ID_1431261217,1431261217,https://shopee.vn/Laptop-Colorful-Rimbook-L1-i5-12450H16GB512GB156-FHDWin11CE50016512C-G-E1AD-i.1431261217.51601609007
"Laptop Dell Latitude 5500 Core i7 8665U | RAM 16G | SSD 256G | Màn 15.6"" FHD - Máy Nhập Khẩu Mới 99%",6799000,0,Shop_ID_222704792,222704792,https://shopee.vn/Laptop-Dell-Latitude-5500-Core-i7-8665U--RAM-16G--SSD-256G--Mn-156-FHD---My-Nhp-Khu-Mi-99-i.222704792.46106267236
"Laptop Acer Aspire 7 Gaming A715-59G-57TU i5 12450H/16GB/512GB/15.6""FHD/ RTX3050 6GB/ Win11",20090000,41,Shop_ID_1431261217,1431261217,https://shopee.vn/Laptop-Acer-Aspire-7-Gaming-A715-59G-57TU-i5-12450H16GB512GB156FHD-RTX3050-6GB-Win11-i.1431261217.43864857725
Laptop Lenovo Thinkpad E14 GEN 2 | Core™ i5-1135G7 /  Core™ i7-1165G7 | 8-16GB | 256-512GB | Intel Iris Xe | 14 inch FHD,7400000,4,Shop_ID_1001261387,1001261387,https://shopee.vn/Laptop-Lenovo-Thinkpad-E14-GEN-2--Core-i5-1135G7---Core-i7-1165G7--8-16GB--256-512GB--Intel-Iris-Xe--14-inch-FHD-i.1001261387.42064863102
"Máy tính Laptop cũ ram 4gb core i3, i5, i7, ổ cứng SSD 120gb",1899000,20,Shop_ID_1198982361,1198982361,https://shopee.vn/My-tnh-Laptop-c-ram-4gb-core-i3-i5-i7--cng-SSD-120gb-i.1198982361.28736820390
"ASUS TUF GAMING FX505DY, RYZEN 5 3550H, 8G, SSD 256G, RX 560X 4G, MÀN 15.6IN FHD IPS TRÀN VIỀN 120HZ, LED ĐỎ, PIN 3H",8100000,1,Shop_ID_250780405,250780405,https://shopee.vn/ASUS-TUF-GAMING-FX505DY-RYZEN-5-3550H-8G-SSD-256G-RX-560X-4G-MN-156IN-FHD-IPS-TRN-VIN-120HZ-LED--PIN-3H-i.250780405.47857290148
"[Chỉ GH tận nơi] Laptop Asus Vivobook X1404VA-EB509W i3-1315U/8GB/512GB/14"" FHD/Win11",12110000,9,Shop_ID_1431261217,1431261217,https://shopee.vn/Ch-GH-tn-ni-Laptop-Asus-Vivobook-X1404VA-EB509W-i3-1315U8GB512GB14-FHDWin11-i.1431261217.53256181047
Rã xác laptop K455 K455L,80000,0,Shop_ID_27016235,27016235,https://shopee.vn/R-xc-laptop-K455-K455L-i.27016235.25673305406
Laptop Epson Endeavor NA520E / Core i5 8265U/ Ram 8GB/ SSD 256Gb/ 13.3 inch FHD,3990000,2,Shop_ID_85227202,85227202,https://shopee.vn/Laptop-Epson-Endeavor-NA520E--Core-i5-8265U-Ram-8GB-SSD-256Gb-133-inch-FHD-i.85227202.43326145966
thinkpad t61.,1200000,0,Shop_ID_215365743,215365743,https://shopee.vn/thinkpad-t61-i.215365743.10398908098
Laptop Lenovo Thinkpad X13 Gen 2 | Ryzen 5 PRO 5650U  | Ram 8Gb | Nvme 256GB | 13.3″ FHD IPS,8400000,0,Shop_ID_1001261387,1001261387,https://shopee.vn/Laptop-Lenovo-Thinkpad-X13-Gen-2--Ryzen-5-PRO-5650U---Ram-8Gb--Nvme-256GB--133-FHD-IPS-i.1001261387.54052311678
"[MEDIAMART] - Laptop Acer Aspire Lite 14 Gen2 AL14-52M-32KV /i3-1305U/8G/256GSSD/14""W11H - FREESHIP,Bảohànhchínhhãng",11562000,5,Shop_ID_514123059,514123059,https://shopee.vn/MEDIAMART---Laptop-Acer-Aspire-Lite-14-Gen2-AL14-52M-32KV-i3-1305U8G256GSSD14W11H---FREESHIPBohnhchnhhng-i.514123059.47954446562
Rã xác laptop toshiba L640,88000,2,Shop_ID_27016235,27016235,https://shopee.vn/R-xc-laptop-toshiba-L640-i.27016235.40903452895
"[Chỉ GH tận nơi] Laptop Asus Vivobook E1504FA-BQ1150W R5-7520U/16GB/512GB/15.6"" FHD/Win11",14170000,22,Shop_ID_1431261217,1431261217,https://shopee.vn/Ch-GH-tn-ni-Laptop-Asus-Vivobook-E1504FA-BQ1150W-R5-7520U16GB512GB156-FHDWin11-i.1431261217.40426931203
Máy Tính Xách Tay Màn Hình 14 Inch Hd 1366×768 Laptop Dell I5 Giá Rẻ,1899000,1,Shop_ID_1001788460,1001788460,https://shopee.vn/My-Tnh-Xch-Tay-Mn-Hnh-14-Inch-Hd-1366768-Laptop-Dell-I5-Gi-R-i.1001788460.21489314203
"Laptop Dell Latitude 5500 Core i7 8665U | RAM 16G | SSD 256G | Màn 15.6"" FHD - Máy Nhập Khẩu Mới 99%",6799000,0,Shop_ID_222704792,222704792,https://shopee.vn/Laptop-Dell-Latitude-5500-Core-i7-8665U--RAM-16G--SSD-256G--Mn-156-FHD---My-Nhp-Khu-Mi-99-i.222704792.46106267236
"Laptop Hp Probook 455-G2 (A8-7100 ram 8g ổ 700g màn 15.6"" pin 2h)",2350000,0,Shop_ID_37682596,37682596,https://shopee.vn/Laptop-Hp-Probook-455-G2-A8-7100-ram-8g--700g-mn-156-pin-2h-i.37682596.57401753310
Dell Latitude 5330 i5-1245U Gen 12 | RAM 8GB | SSD 512GB | Laptop Văn Phòng Cao Cấp,9500000,0,Shop_ID_1056737898,1056737898,https://shopee.vn/Dell-Latitude-5330-i5-1245U-Gen-12--RAM-8GB--SSD-512GB--Laptop-Vn-Phng-Cao-Cp-i.1056737898.58104044654
acer aspire a15 /i3-6100U//hdd1T/DDR4 không ram,1288800,0,Shop_ID_1333985738,1333985738,https://shopee.vn/acer-aspire-a15-i3-6100Uhdd1TDDR4-khng-ram-i.1333985738.55356545988
Laptop MSI Modern 14 H D13MG-217VN (i7-13700H/1TB/16GB/Iris Xe Graphics/14” FHD+/Win11/Màu đen/Túi) - Chính hãng,18770000,2,Shop_ID_1500038395,1500038395,https://shopee.vn/Laptop-MSI-Modern-14-H-D13MG-217VN-i7-13700H1TB16GBIris-Xe-Graphics14-FHDWin11Mu-enTi---Chnh-hng-i.1500038395.42476134946
Laptop Epson Endeavor NA520E / Core i5 8265U/ Ram 8GB/ SSD 256Gb/ 13.3 inch FHD,3990000,2,Shop_ID_85227202,85227202,https://shopee.vn/Laptop-Epson-Endeavor-NA520E--Core-i5-8265U-Ram-8GB-SSD-256Gb-133-inch-FHD-i.85227202.43326145966
"[MEDIAMART] - Laptop Acer Aspire Lite 14 Gen2 AL14-52M-32KV /i3-1305U/8G/256GSSD/14""W11H - FREESHIP,Bảohànhchínhhãng",11562000,5,Shop_ID_514123059,514123059,https://shopee.vn/MEDIAMART---Laptop-Acer-Aspire-Lite-14-Gen2-AL14-52M-32KV-i3-1305U8G256GSSD14W11H---FREESHIPBohnhchnhhng-i.514123059.47954446562
Rã xác laptop asus F451 F451C F451CA,58000,1,Shop_ID_27016235,27016235,https://shopee.vn/R-xc-laptop-asus-F451-F451C-F451CA-i.27016235.28200709204
"Dell Latitude 5420 – i5-1135G7 / 8GB / 256GB / 14"" FHD- Chuẩn US",7990000,0,Shop_ID_304246477,304246477,https://shopee.vn/Dell-Latitude-5420--i5-1135G7--8GB--256GB--14-FHD--Chun-US-i.304246477.50007277836
Rã xác laptop hp envy 15 15t,89000,4,Shop_ID_27016235,27016235,https://shopee.vn/R-xc-laptop-hp-envy-15-15t-i.27016235.19282838342
Laptop Nhập Khẩu Nhật - Mỹ Dell Latitude 7490 E7490 i5-8250U RAM 16GB SSD Nvme 256GB Màn hình 14' FullHD,5390000,9,Shop_ID_10859239,10859239,https://shopee.vn/Laptop-Nhp-Khu-Nht---M-Dell-Latitude-7490-E7490-i5-8250U-RAM-16GB-SSD-Nvme-256GB-Mn-hnh-14-FullHD-i.10859239.28493133182
Laptop Lenovo Thinkpad L390 | I3/I5 THẾ HỆ (GEN) 8/10 | Ram 8GB | SSD 256GB | 13.3 inch,4960999,0,Shop_ID_16449163,16449163,https://shopee.vn/Laptop-Lenovo-Thinkpad-L390--I3I5-TH-H-GEN-810--Ram-8GB--SSD-256GB--133-inch-i.16449163.44078876610
Laptop Nec PC-N135CDAL | AMD Ryzen™ 5 5500U | DDR4 8GB | NVME 256GB | 13.3inch FHD IPS - Máy siêu nhẹ,7300000,0,Shop_ID_1001261387,1001261387,https://shopee.vn/Laptop-Nec-PC-N135CDAL--AMD-Ryzen-5-5500U--DDR4-8GB--NVME-256GB--133inch-FHD-IPS---My-siu-nh-i.1001261387.28493175331
Rã xác laptop dell M6600,89000,3,Shop_ID_27016235,27016235,https://shopee.vn/R-xc-laptop-dell-M6600-i.27016235.23981883075
"Laptop Thinkpad X1 Yoga Gen 4 2in1 i7-8665u/ Ram 16Gb/ SSD 512Gb/ Màn 14.0"" FHD touch( Tặng kèm bút theo máy)",10750000,2,Shop_ID_102078029,102078029,https://shopee.vn/Laptop-Thinkpad-X1-Yoga-Gen-4-2in1-i7-8665u-Ram-16Gb-SSD-512Gb-Mn-140-FHD-touch-Tng-km-bt-theo-my-i.102078029.28138928877
Laptop Acer Aspire Lite 14 - AL14-52M-32KV (i3-1305U/ Intel UHD 8GB/ 256GB/ Windows 11) - Bảo hành 12 tháng,11490000,170,Shop_ID_1256164758,1256164758,https://shopee.vn/Laptop-Acer-Aspire-Lite-14---AL14-52M-32KV-i3-1305U-Intel-UHD-8GB-256GB-Windows-11---Bo-hnh-12-thng-i.1256164758.27542512441
"Laptop Văn Phòng ,  Lenovo ThinkPad E14 Gen 2 , Core i5 1135G7 , 14"" FHD",7200000,0,Shop_ID_1738411571,1738411571,https://shopee.vn/Laptop-Vn-Phng---Lenovo-ThinkPad-E14-Gen-2--Core-i5-1135G7--14-FHD-i.1738411571.51956860648
[Máy Mới] Laptop Asus VivoBook  14 X1404V Core i5 1334U/ Ram 12Gb/ SSD Mvme 512Gb/14 '' IPS Full HD,14250000,0,Shop_ID_504512,504512,https://shopee.vn/My-Mi-Laptop-Asus-VivoBook--14-X1404V-Core-i5-1334U-Ram-12Gb-SSD-Mvme-512Gb14--IPS-Full-HD-i.504512.50003864260
Laptop văn phòng hàng xách tay Nga về giá rẻ- và nhiều model khác chất lượng như nhau,1600000,1,Shop_ID_1253076748,1253076748,https://shopee.vn/Laptop-vn-phng-hng-xch-tay-Nga-v-gi-r--v-nhiu-model-khc-cht-lng-nh-nhau-i.1253076748.28740759820
"[Chỉ GH tận nơi] Laptop Asus TUF Gaming FA506NCG-HN184W R7-7445HS/16GB/512GB/15.6""/Nvidia GeForce RTX3050 4GB/Win11",21890000,22,Shop_ID_1431261217,1431261217,https://shopee.vn/Ch-GH-tn-ni-Laptop-Asus-TUF-Gaming-FA506NCG-HN184W-R7-7445HS16GB512GB156Nvidia-GeForce-RTX3050-4GBWin11-i.1431261217.42222596775
Laptop HP 450G1 Core I5 giá rẻ,2169000,0,Shop_ID_1359872024,1359872024,https://shopee.vn/Laptop-HP-450G1-Core-I5-gi-r-i.1359872024.54303270522
Máy tính xách tay - Laptop M.A.C pro 14inch 2021 màu bạc Chíp Mờ 1 Pro dung lượng lớn  - Đã qua sử dụng,18990000,39,Shop_ID_798413425,798413425,https://shopee.vn/My-tnh-xch-tay---Laptop-MAC-pro-14inch-2021-mu-bc-Chp-M-1-Pro-dung-lng-ln-----qua-s-dng-i.798413425.27402607756
Laptop Dell 15 DC15250 DC5I5372W1 i5-1334U/16GB / 512GBSSD/ 15.6FHD,17562000,26,Shop_ID_514123059,514123059,https://shopee.vn/Laptop-Dell-15-DC15250-DC5I5372W1-i5-1334U16GB--512GBSSD-156FHD-i.514123059.53754417551
Surface Pro 5 Core i5 l Ram 4GB l SSD 128GBl Màn 3K Touch Mới Từ 90-97% chính hãng,4050000,4,Shop_ID_829234931,829234931,https://shopee.vn/Surface-Pro-5-Core-i5-l-Ram-4GB-l-SSD-128GBl-Mn-3K-Touch-Mi-T-90-97-chnh-hng-i.829234931.47154306494
Rã xác laptop asus Tp 550L TP550L,48000,6,Shop_ID_27016235,27016235,https://shopee.vn/R-xc-laptop-asus-Tp-550L-TP550L-i.27016235.27116870481
LAPTOP VĂN PHÒNG GIÁ TỐT – HP NOTEBOOK 240 G8 CORE I5-1135G7,6984000,4,Shop_ID_94666867,94666867,https://shopee.vn/LAPTOP-VN-PHNG-GI-TT--HP-NOTEBOOK-240-G8-CORE-I5-1135G7-i.94666867.43923530699
HP PAVILION 15EG CORE I5 1135G7 RAM 16G SSD 256G 15.6INCH FHD IPS VỎ NHÔM,7800000,3,Shop_ID_79999990,79999990,https://shopee.vn/HP-PAVILION-15EG-CORE-I5-1135G7-RAM-16G-SSD-256G-156INCH-FHD-IPS-V-NHM-i.79999990.28593199546
MSI Gaming GF63 Core i5 11400H Ram 16G SSD 512G 15.6inch FHD 144HZ Vga GTX 1650,10300000,9,Shop_ID_79999990,79999990,https://shopee.vn/MSI-Gaming-GF63-Core-i5-11400H-Ram-16G-SSD-512G-156inch-FHD-144HZ-Vga-GTX-1650-i.79999990.23649583606
"Laptop DELL 3420 core i5 thanh lý - giải trí, văn phòng",1500000,0,Shop_ID_209488463,209488463,https://shopee.vn/Laptop-DELL-3420-core-i5-thanh-l---gii-tr-vn-phng-i.209488463.55705730894
Rã xác laptop dell adamo,89000,0,Shop_ID_27016235,27016235,https://shopee.vn/R-xc-laptop-dell-adamo-i.27016235.23672902762
"Laptop gía rẻ, máy tính xách tay phổ thông i3 i5 i7 các hãng Dell HP Lenovo Acer Asus Fujitsu Toshiba và nhiều hãng khác",1880000,0,Shop_ID_159645906,159645906,https://shopee.vn/Laptop-ga-r-my-tnh-xch-tay-ph-thng-i3-i5-i7-cc-hng-Dell-HP-Lenovo-Acer-Asus-Fujitsu-Toshiba-v-nhiu-hng-khc-i.159645906.41678843740
Laptop Asus Vivobook R5-7520U/16GB/512GB /Win11 Bạc (E1504FA-BQ1150W),14190000,11,Shop_ID_706762797,706762797,https://shopee.vn/Laptop-Asus-Vivobook-R5-7520U16GB512GB-Win11-Bc-E1504FA-BQ1150W-i.706762797.41371414224
"Laptop Mini Dell 5290/7290 i5-8350u, ram 8GB/16GB, SSD 256GB, màn 12.5inch HD, zin chưa sửa",4200000,0,Shop_ID_1572815447,1572815447,https://shopee.vn/Laptop-Mini-Dell-52907290-i5-8350u-ram-8GB16GB-SSD-256GB-mn-125inch-HD-zin-cha-sa-i.1572815447.41962403649
Laptop 2 in 1 Surface Laptop 4| Intel® Core ™ i5-1135G7 / i7 -1185G7 |Ram 8/16GB |NVME 256GB|  13.5 inch 2K cảm ứng,9300000,1,Shop_ID_1001261387,1001261387,https://shopee.vn/Laptop-2-in-1-Surface-Laptop-4-Intel-Core--i5-1135G7--i7--1185G7-Ram-816GB-NVME-256GB--135-inch-2K-cam-ng-i.1001261387.40316214234
"[MEDIAMART] - Laptop HP Pavilion 15-eg3099TU 8C5M0PA Bạc - FREESHIP,Bảohànhchínhhãng",12362000,13,Shop_ID_514123059,514123059,https://shopee.vn/MEDIAMART---Laptop-HP-Pavilion-15-eg3099TU-8C5M0PA-Bc---FREESHIPBohnhchnhhng-i.514123059.43873354156
Laptop ThinkPad L390 Yoga  2in1 Core i5-8365U/16GB/512GB/13.3inch FHD TouchX360 kèm bút,6350000,0,Shop_ID_25826246,25826246,https://shopee.vn/Laptop-ThinkPad-L390-Yoga--2in1-Core-i5-8365U16GB512GB133inch-FHD-TouchX360-km-bt-i.25826246.57452408394
"Laptop DELL Latitude 5320 i7-1185G7 Rann 16GB, SSD 512GB, SP Đã Qua Sử Dụng.",9000000,0,Shop_ID_1560969848,1560969848,https://shopee.vn/Laptop-DELL-Latitude-5320-i7-1185G7-Rann-16GB-SSD-512GB-SP--Qua-S-Dng-i.1560969848.51406891026
Laptop Acer Swift Lite 14 AI SFL14-51M-56HS Ultra5 125U/16GB/512GB/Win11,17990000,16,Shop_ID_1431261217,1431261217,https://shopee.vn/Laptop-Acer-Swift-Lite-14-AI-SFL14-51M-56HS-Ultra5-125U16GB512GBWin11-i.1431261217.43964467302
"LAPTOP GAMING ASUS K501LX, I5-5200U, 8G, SSD 128G, GTX 950M 4G, MÀN 15.6IN FHD, PHÍM LED, VỎ KIM LOẠI, FULL&ZIN",3900000,0,Shop_ID_250780405,250780405,https://shopee.vn/LAPTOP-GAMING-ASUS-K501LX-I5-5200U-8G-SSD-128G-GTX-950M-4G-MN-156IN-FHD-PHM-LED-V-KIM-LOI-FULLZIN-i.250780405.46656679661
"[MEDIAMART] - Laptop Acer Aspire Lite 15 AL15-41P-R3U5 /R7-5700U/16GB/512GB/15.6""FHD/Win11 - FREESHIP,Bảohànhchínhhãng",14062000,9,Shop_ID_514123059,514123059,https://shopee.vn/MEDIAMART---Laptop-Acer-Aspire-Lite-15-AL15-41P-R3U5-R7-5700U16GB512GB156FHDWin11---FREESHIPBohnhchnhhng-i.514123059.27494018176
"LAPTOP LENOVO GAMING IDEAPAD L340 15IRH, I5-9300H, 8G, NVME 256G, GTX 1050 3G, MÀN 15.6IN FHD IPS TRÀN VIỀN, LED XANH",7400000,0,Shop_ID_250780405,250780405,https://shopee.vn/LAPTOP-LENOVO-GAMING-IDEAPAD-L340-15IRH-I5-9300H-8G-NVME-256G-GTX-1050-3G-MN-156IN-FHD-IPS-TRN-VIN-LED-XANH-i.250780405.41329215490
Rã xác laptop fujitsu AH42,98000,1,Shop_ID_27016235,27016235,https://shopee.vn/R-xc-laptop-fujitsu-AH42-i.27016235.29883636646
"Laptop Lenovo IdeaPad Flex 5 14ABR8 R7 5825U/16G/512G/14""WUXGA Touch/Bút/Win 11",17690000,34,Shop_ID_1431261217,1431261217,https://shopee.vn/Laptop-Lenovo-IdeaPad-Flex-5-14ABR8-R7-5825U16G512G14WUXGA-TouchBtWin-11-i.1431261217.42472868345
"Laptop Dell Latitude 5510 Core i7 10610u | Ram 16G | SSD 256G | Màn 15.6"" IPS - Máy Đẹp 99%",7799000,0,Shop_ID_222704792,222704792,https://shopee.vn/Laptop-Dell-Latitude-5510-Core-i7-10610u--Ram-16G--SSD-256G--Mn-156-IPS---My-p-99-i.222704792.54006243411
Rã xác laptop vaio sony pcg 31112L 31112,48000,0,Shop_ID_27016235,27016235,https://shopee.vn/R-xc-laptop-vaio-sony-pcg-31112L-31112-i.27016235.26802341797
"Laptop Samsung XE310XDA-KA1VN (N4500, 4GB, 32GB, HD, ChromeOS) - Hàng Chính Hãng",4990000,0,Shop_ID_85762618,85762618,https://shopee.vn/Laptop-Samsung-XE310XDA-KA1VN-N4500-4GB-32GB-HD-ChromeOS---Hng-Chnh-Hng-i.85762618.51851507246
"ASUS VIVOBOOK X512FL, I5-8265U, 8G, SSD 128G, MX250 2G, MÀN 15.6IN FHD TRÀN VIỀN, PIN 2H, FULL&ZIN",4700000,0,Shop_ID_250780405,250780405,https://shopee.vn/ASUS-VIVOBOOK-X512FL-I5-8265U-8G-SSD-128G-MX250-2G-MN-156IN-FHD-TRN-VIN-PIN-2H-FULLZIN-i.250780405.50106997672
LAPTOP ASUS X510UAR/I5-8250U/8G/128G SSD/ MÀN 15.6IN TRÀN VIỀN FHD IPS/PHÍM LED/FULL&ZIN,4400000,0,Shop_ID_250780405,250780405,https://shopee.vn/LAPTOP-ASUS-X510UARI5-8250U8G128G-SSD-MN-156IN-TRN-VIN-FHD-IPSPHM-LEDFULLZIN-i.250780405.45205061534
HP probook 450-G10 core i5-1335U 13th GEN. 2.5GHz đồ hoạ Iris Xe 16GB RAM 512GB SSD Win11 Pro,10500000,1,Shop_ID_1029988597,1029988597,https://shopee.vn/HP-probook-450-G10-core-i5-1335U-13th-GEN-25GHz--ho-Iris-Xe-16GB-RAM-512GB-SSD-Win11-Pro-i.1029988597.26639314287
"Laptop Acer màn 14in, 15.6in thanh lý giá rẻ",1309000,9,Shop_ID_67466959,67466959,https://shopee.vn/Laptop-Acer-mn-14in-156in-thanh-l-gi-r-i.67466959.41159297567
"Laptop Giá Rẻ DELL latitude 5521 I5- 11300H RAM8 SSD 256GB LCD 15,6 inch PIN >3H Chip siêu khủng",8400000,15,Shop_ID_1188557488,1188557488,https://shopee.vn/Laptop-Gi-R-DELL-latitude-5521-I5--11300H-RAM8-SSD-256GB-LCD-156-inch-PIN-3H-Chip-siu-khng-i.1188557488.42720955490
Laptop 2in1 Fujitsu Q738/Q739 nội địa Nhật  Core I3/5 Ram4/8 tương đương Surface 5 pro,1350000,25,Shop_ID_1377100441,1377100441,https://shopee.vn/Laptop-2in1-Fujitsu-Q738Q739-ni-a-Nht--Core-I35-Ram48-tng-ng-Surface-5-pro-i.1377100441.41517456999
DELL LATITUDE 5300 2IN1 CẢM ỨNG – GẬP 360° | I5 GEN 8 | RAM 8GB | SSD 256GB,6600000,0,Shop_ID_1732158672,1732158672,https://shopee.vn/DELL-LATITUDE-5300-2IN1-CM-NG--GP-360--I5-GEN-8--RAM-8GB--SSD-256GB-i.1732158672.40128729460
"Laptop lenovo thinkpad x280 core i5 gen7, ram 8/256 màn hình 12,5 inch full hd",4000000,1,Shop_ID_57654164,57654164,https://shopee.vn/Laptop-lenovo-thinkpad-x280-core-i5-gen7-ram-8256-mn-hnh-125-inch-full-hd-i.57654164.56402268968
[Cảm ứng lực Wacom] Laptop Lenovo YB1-X91 lai máy tính bảng siêu siêu mỏng nhẹ cảm ứng mượt mà cho người hay di chuyển,3270000,89,Shop_ID_469001653,469001653,https://shopee.vn/Cm-ng-lc-Wacom-Laptop-Lenovo-YB1-X91-lai-my-tnh-bng-siu-siu-mng-nh-cm-ng-mt-m-cho-ngi-hay-di-chuyn-i.469001653.18671913754
"Laptop Lenovo thinkpad T430 core i5 3320, 8gb, 256gb 14 inch xách tay siêu bền giá rẻ. hàng cũ bảo hành 3 tháng.",5200000,1,Shop_ID_1581920085,1581920085,https://shopee.vn/Laptop-Lenovo-thinkpad-T430-core-i5-3320-8gb-256gb-14-inch-xch-tay-siu-bn-gi-r-hng-c-bo-hnh-3-thng-i.1581920085.49555337568
Laptop AOC N140ALSJ  Chip Core i3-1215U | Ram 16GB | SSD 512GB | 14' FHD | Win 11 Pro,13890000,0,Shop_ID_106066556,106066556,https://shopee.vn/Laptop-AOC-N140ALSJ--Chip-Core-i3-1215U--Ram-16GB--SSD-512GB--14-FHD--Win-11-Pro-i.106066556.49257190096
Laptop ASUS Zenbook UX334F |Intel® Core™ i7-10510U |DDR4  16GB | NVME 256GB |13.3inch FHD,9300000,1,Shop_ID_1001261387,1001261387,https://shopee.vn/Laptop-ASUS-Zenbook-UX334F-Intel-Core-i7-10510U-DDR4--16GB--NVME-256GB-133inch-FHD-i.1001261387.41370447390
Laptop giá rẻ đã qua sử dụng còn tốt nhiều hãng Dell Hp asus,1782000,1,Shop_ID_57810031,57810031,https://shopee.vn/Laptop-gi-r--qua-s-dng-cn-tt-nhiu-hng-Dell-Hp-asus-i.57810031.56054127639
"Laptop Mini NEC VersaPRO VH I5/8GB/128GB SSD/12.5inch FHD siêu nhỏ gọn,nhẹ 0.8kg có HDMI trình chiếu tiện lợi",4200000,2,Shop_ID_1377100441,1377100441,https://shopee.vn/Laptop-Mini-NEC-VersaPRO-VH-I58GB128GB-SSD125inch-FHD-siu-nh-gnnh-08kg-c-HDMI-trnh-chiu-tin-li-i.1377100441.42027200115
Laptop Surface Go cực kì mỏng nhẹ sang trọng cho văn phòng,3870000,0,Shop_ID_885423510,885423510,https://shopee.vn/Laptop-Surface-Go-cc-k-mng-nh-sang-trng-cho-vn-phng-i.885423510.44419984559
"Laptop Dell Latitude 5510 Core i7 10610u | Ram 16G | SSD 256G | Màn 15.6"" IPS - Máy Đẹp 99%",7799000,0,Shop_ID_222704792,222704792,https://shopee.vn/Laptop-Dell-Latitude-5510-Core-i7-10610u--Ram-16G--SSD-256G--Mn-156-IPS---My-p-99-i.222704792.54006243411
Laptop Dell Latitude 7290 | i5-8250U | RAM 8GB | SSD 256GB | Màn 12.5” HD | Pin 3h |phù hợp văn phòng – học tập.,4300000,0,Shop_ID_1191828642,1191828642,https://shopee.vn/Laptop-Dell-Latitude-7290--i5-8250U--RAM-8GB--SSD-256GB--Mn-125-HD--Pin-3h-ph-hp-vn-phng--hc-tp-i.1191828642.42467676513
Laptop HP EliteBook 840-G8 Core i5 1145G7/ Ram 16Gb/ SSD Mvme 512Gb/ intel iris XE/ 14'' IPS FHD.,11250000,1,Shop_ID_504512,504512,https://shopee.vn/Laptop-HP-EliteBook-840-G8-Core-i5-1145G7-Ram-16Gb-SSD-Mvme-512Gb-intel-iris-XE-14-IPS-FHD-i.504512.40525353677
"HP Pavilion i5 Gen 10 – Cảm Ứng, Full Nhôm, Màn Tráng Gương Cao Cấp",6500000,0,Shop_ID_1732158672,1732158672,https://shopee.vn/HP-Pavilion-i5-Gen-10--Cm-ng-Full-Nhm-Mn-Trng-Gng-Cao-Cp-i.1732158672.45906164195
"Máy tính laptop hàng chính hãng DELL Ram 8GB Core i5 - i7 ổ SSD 256GB màn 14"",15.6 inch - Tặng Kèm Sạc Đi Kèm",4908750,1000,Shop_ID_897718300,897718300,https://shopee.vn/My-tnh-laptop-hng-chnh-hng-DELL-Ram-8GB-Core-i5---i7--SSD-256GB-mn-14156-inch---Tng-Km-Sc-i-Km-i.897718300.23358349664
"Laptop Panasonic CF SX2 Intel core i5-3320m 2.6GHz ram 8Gb SSD 120Gb phù hợp giải trí, lướt web, văn phòng cơ bản",2546000,0,Shop_ID_24171418,24171418,https://shopee.vn/Laptop-Panasonic-CF-SX2-Intel-core-i5-3320m-26GHz-ram-8Gb-SSD-120Gb-ph-hp-gii-tr-lt-web-vn-phng-c-bn-i.24171418.42871018619
Laptop Dell 15 DC15250 DC5I5372W1 i5-1334U/16GB / 512GBSSD/ 15.6FHD,17562000,26,Shop_ID_514123059,514123059,https://shopee.vn/Laptop-Dell-15-DC15250-DC5I5372W1-i5-1334U16GB--512GBSSD-156FHD-i.514123059.53754417551
laptop acer i3 ram 4 ổ cứng 250gb màn hình 15.6 win 7,800000,3,Shop_ID_453710826,453710826,https://shopee.vn/laptop-acer-i3-ram-4--cng-250gb-mn-hnh-156-win-7-i.453710826.49650928268
Laptop Dell Inspiron 15 3520 i5-1235U| 8GB| 256GB| Iris Xe | 15.6”| Win 11 + Office | BH 12 Tháng cũ.,17390000,0,Shop_ID_1499956970,1499956970,https://shopee.vn/Laptop-Dell-Inspiron-15-3520-i5-1235U-8GB-256GB-Iris-Xe--156-Win-11--Office--BH-12-Thng-c-i.1499956970.57606762494
Laptop Nhật HP Core i5 RAM 16G SSD 256G chuyên văn phòng học tập xách tay chính hãng,4500000,0,Shop_ID_69170688,69170688,https://shopee.vn/Laptop-Nht-HP-Core-i5-RAM-16G-SSD-256G-chuyn-vn-phng-hc-tp-xch-tay-chnh-hng-i.69170688.41373773606
ACER GAMING NITRO 5 AMD RYZEN 5 4600H RAM 16G SSD 512G 15.6INCH 144HZ GTX 1650 RGB,11300000,3,Shop_ID_79999990,79999990,https://shopee.vn/ACER-GAMING-NITRO-5-AMD-RYZEN-5-4600H-RAM-16G-SSD-512G-156INCH-144HZ-GTX-1650-RGB-i.79999990.41265490198
"Laptop - Máy tính xách tay HP CPU Core i5 8265U Ram 8 - 16Gb ổ cứng SSD 240-512Gb, đủ cặp chuột và hệ điều hành sẵn dùng",4750000,0,Shop_ID_159645906,159645906,https://shopee.vn/Laptop---My-tnh-xch-tay-HP-CPU-Core-i5-8265U-Ram-8---16Gb--cng-SSD-240-512Gb--cp-chut-v-h-iu-hnh-sn-dng-i.159645906.42328157467
Laptop 2in1 Fujitsu Q738/Q739 nội địa Nhật  Core I3/5 Ram4/8 tương đương Surface 5 pro,1350000,25,Shop_ID_1377100441,1377100441,https://shopee.vn/Laptop-2in1-Fujitsu-Q738Q739-ni-a-Nht--Core-I35-Ram48-tng-ng-Surface-5-pro-i.1377100441.41517456999
laptop dell 3521 i7 ram 8gb ssd 256gb zin đẹp 95%,2500000,0,Shop_ID_453710826,453710826,https://shopee.vn/laptop-dell-3521-i7-ram-8gb-ssd-256gb-zin-p-95-i.453710826.40110129297
Dell Inspiron 7500 2 in 1 Core i7 10510U VGA 15.6-Inch 4K cảm ứng gập 360 độ,13189000,0,Shop_ID_196126372,196126372,https://shopee.vn/Dell-Inspiron-7500-2-in-1-Core-i7-10510U-VGA-156-Inch-4K-cm-ng-gp-360-i.196126372.57453263886
"Dell Latitude 3301 i3-8145u ram 4gb ssd 256gb màn 13.3"" HD tràn viền cực kì đẹp",3499000,0,Shop_ID_38517709,38517709,https://shopee.vn/Dell-Latitude-3301-i3-8145u-ram-4gb-ssd-256gb-mn-133-HD-trn-vin-cc-k-p-i.38517709.50705092932
"Máy tính Laptop Lenovo 4G Ssd 128Gb Học Tập Làm Việc Giải Trí Bảo Hành 1 Năm, hàng đã qua sử dụng và sửa chữa ổn định",2000000,1,Shop_ID_461241310,461241310,https://shopee.vn/My-tnh-Laptop-Lenovo-4G-Ssd-128Gb-Hc-Tp-Lm-Vic-Gii-Tr-Bo-Hnh-1-Nm-hng--qua-s-dng-v-sa-cha-n-nh-i.461241310.28831240998
"♦️HP 830G6 Elitebook|ĐẸP KHÔNG TỲ VẾT|Core I5 Gen 8, Ram 8G, SSD 256 13.3”| LAPTOP CŨ GIÁ RẺ",5690000,0,Shop_ID_296198972,296198972,https://shopee.vn/HP-830G6-ElitebookP-KHNG-T-VTCore-I5-Gen-8-Ram-8G-SSD-256-133-LAPTOP-C-GI-R-i.296198972.40778920590
Laptop Dell Latitude E5530 i7 3840qm ram 8gb,2400000,2,Shop_ID_1240473738,1240473738,https://shopee.vn/Laptop-Dell-Latitude-E5530-i7-3840qm-ram-8gb-i.1240473738.28791123506
DELL LATITUDE 7400 CORE I5 8365U RAM 8G SSD 256G 14INCH HD,7300000,0,Shop_ID_1291988445,1291988445,https://shopee.vn/DELL-LATITUDE-7400-CORE-I5-8365U-RAM-8G-SSD-256G-14INCH-HD-i.1291988445.27954014276
"Laptop DELL Latitude 5320 i7-1185G7 Rann 16GB, SSD 512GB, SP Đã Qua Sử Dụng.",9000000,0,Shop_ID_1560969848,1560969848,https://shopee.vn/Laptop-DELL-Latitude-5320-i7-1185G7-Rann-16GB-SSD-512GB-SP--Qua-S-Dng-i.1560969848.51406891026
Laptop HP 250 G9 i3-1215U/16GB/512GB/Win11 Bạc (A06FQPT),12790000,3,Shop_ID_706762797,706762797,https://shopee.vn/Laptop-HP-250-G9-i3-1215U16GB512GBWin11-Bc-A06FQPT-i.706762797.27594035809
ASUS TUF GAMING FX504 CORE I5 8300H RAM 8G SSD 128G+1T 15.6INCH FHD GTX1050,7800000,0,Shop_ID_7210240,7210240,https://shopee.vn/ASUS-TUF-GAMING-FX504-CORE-I5-8300H-RAM-8G-SSD-128G1T-156INCH-FHD-GTX1050-i.7210240.56307157820
ASUS VIVOBOOK X421EAY CORE I5 1135G7 RAM 8G SSD 256G 14INCCH FHD,7500000,1,Shop_ID_79999990,79999990,https://shopee.vn/ASUS-VIVOBOOK-X421EAY-CORE-I5-1135G7-RAM-8G-SSD-256G-14INCCH-FHD-i.79999990.50952716573
"LAPTOP DELL VOSTRO 5490, I5 10210U, 8G, SSD 128G& NVME 128G, MÀN 14IN FHD IPS TRÀN VIỀN, PHÍM LED, VỎ KIM LOẠI, FULL&ZIN",6300000,0,Shop_ID_250780405,250780405,https://shopee.vn/LAPTOP-DELL-VOSTRO-5490-I5-10210U-8G-SSD-128G-NVME-128G-MN-14IN-FHD-IPS-TRN-VIN-PHM-LED-V-KIM-LOI-FULLZIN-i.250780405.50606042305
"Laptop lenovo thinkpad x280 core i5 gen7, ram 8/256 màn hình 12,5 inch full hd",4000000,1,Shop_ID_57654164,57654164,https://shopee.vn/Laptop-lenovo-thinkpad-x280-core-i5-gen7-ram-8256-mn-hnh-125-inch-full-hd-i.57654164.56402268968
laptop sony i5 6200u/4g/ssd 128g,2300000,4,Shop_ID_240796844,240796844,https://shopee.vn/laptop-sony-i5-6200u4gssd-128g-i.240796844.55252344269
"Laptop Asus TUF Dash F15 - Core i7-11800H RAM 16G SSD 512G RTX 3060 6GB Màn 15,6 Inch FHD 144Hz",15900000,1,Shop_ID_186107166,186107166,https://shopee.vn/Laptop-Asus-TUF-Dash-F15---Core-i7-11800H-RAM-16G-SSD-512G-RTX-3060-6GB-Mn-156-Inch-FHD-144Hz-i.186107166.41713923260
"[Chỉ GH tận nơi] Máy tính xách tay Samsung Galaxy Chromebook Go XE340XDA-KA1VN N4500/4GB/32GB/14""""HD/Win11 Pro_Bạc",7490000,0,Shop_ID_1431261217,1431261217,https://shopee.vn/Ch-GH-tn-ni-My-tnh-xch-tay-Samsung-Galaxy-Chromebook-Go-XE340XDA-KA1VN-N45004GB32GB14HDWin11-ProBc-i.1431261217.53956740402
"Dell Latitude 5420 – i5-1135G7 / 8GB / 256GB / 14"" FHD- Chuẩn US",7990000,0,Shop_ID_304246477,304246477,https://shopee.vn/Dell-Latitude-5420--i5-1135G7--8GB--256GB--14-FHD--Chun-US-i.304246477.50007277836
"Laptop ASUS Vivobook 14 X1404VA-EB609W Intel Core 3 100U | 8GB DDR5 | 512GB | 14"" FullHD | Win11 Bạc",18590000,0,Shop_ID_267145398,267145398,https://shopee.vn/Laptop-ASUS-Vivobook-14-X1404VA-EB609W-Intel-Core-3-100U--8GB-DDR5--512GB--14-FullHD--Win11-Bc-i.267145398.25347464911
"[VỎ NHÔM] Lenovo Chromebook C340-15 81T9- Màn Cảm Ứng 15.6"" 360 độ - Giải Trí 4K Cực Mượt",3300000,0,Shop_ID_144597753,144597753,https://shopee.vn/V-NHM-Lenovo-Chromebook-C340-15-81T9--Mn-Cm-ng-156-360----Gii-Tr-4K-Cc-Mt-i.144597753.49357050210
ASUS TUF GAMING FX506 AMD RYZEN 5 4600H RAM 16G SSD 512G 15.6INCH 144HZ GTX 1650,11300000,13,Shop_ID_79999990,79999990,https://shopee.vn/ASUS-TUF-GAMING-FX506-AMD-RYZEN-5-4600H-RAM-16G-SSD-512G-156INCH-144HZ-GTX-1650-i.79999990.26982651797
"laptop samsung dòng ultra mỏng nhẹ .chip quad core, ram 4g, ổ ssd 128g. màn 13.3 inh, hư pin cần gim sạc dùng",1460000,0,Shop_ID_17734190,17734190,https://shopee.vn/laptop-samsung-dng-ultra-mng-nh-chip-quad-core-ram-4g--ssd-128g-mn-133-inh-h-pin-cn-gim-sc-dng-i.17734190.42972492868
Laptop ThinkPad L390 Yoga  2in1 Core i5-8365U/16GB/512GB/13.3inch FHD TouchX360 kèm bút,6350000,0,Shop_ID_25826246,25826246,https://shopee.vn/Laptop-ThinkPad-L390-Yoga--2in1-Core-i5-8365U16GB512GB133inch-FHD-TouchX360-km-bt-i.25826246.57452408394
Laptop Lenovo Thinkpad X13 Gen 2 | Ryzen 5 PRO 5650U  | Ram 8Gb | Nvme 256GB | 13.3″ FHD IPS,8400000,0,Shop_ID_1001261387,1001261387,https://shopee.vn/Laptop-Lenovo-Thinkpad-X13-Gen-2--Ryzen-5-PRO-5650U---Ram-8Gb--Nvme-256GB--133-FHD-IPS-i.1001261387.54052311678
Laptop Lenovo 2 in 1 ThinkPad L13 Gen 2 Yoga | Core™ i7 1165G7|16GB|256GB|Intel Iris Xe|13.3 inch FHD Cảm ứng + bút,9200000,0,Shop_ID_1001261387,1001261387,https://shopee.vn/Laptop-Lenovo-2-in-1-ThinkPad-L13-Gen-2-Yoga--Core-i7-1165G716GB256GBIntel-Iris-Xe133-inch-FHD-Cm-ng--bt-i.1001261387.44427706194
"LENOVO GAMING 3 15IMH05, I7-10750H, 8G, SSD 256G, GTX 1650 4G, MÀN 15.6IN FHD IPS TRÀN VIÊN, PIN 3H, LED XANH, FULL&ZIN",9700000,0,Shop_ID_595945113,595945113,https://shopee.vn/LENOVO-GAMING-3-15IMH05-I7-10750H-8G-SSD-256G-GTX-1650-4G-MN-156IN-FHD-IPS-TRN-VIN-PIN-3H-LED-XANH-FULLZIN-i.595945113.43578928586
"Laptop Dell P53G core i3 thanh lý - giải trí, văn phòng",2200000,0,Shop_ID_209488463,209488463,https://shopee.vn/Laptop-Dell-P53G-core-i3-thanh-l---gii-tr-vn-phng-i.209488463.47356630333
Laptop Nhập Khẩu Nhật - Mỹ Dell Latitude 7490 E7490 i5-8250U RAM 16GB SSD Nvme 256GB Màn hình 14' FullHD -LAPTOP-GIARE,5290000,0,Shop_ID_309674319,309674319,https://shopee.vn/Laptop-Nhp-Khu-Nht---M-Dell-Latitude-7490-E7490-i5-8250U-RAM-16GB-SSD-Nvme-256GB-Mn-hnh-14-FullHD--LAPTOP-GIARE-i.309674319.47103993796
"LAPTOP GAMING ASUS K501LX, I5-5200U, 8G, SSD 128G, GTX 950M 4G, MÀN 15.6IN FHD, PHÍM LED, VỎ KIM LOẠI, FULL&ZIN",3900000,0,Shop_ID_250780405,250780405,https://shopee.vn/LAPTOP-GAMING-ASUS-K501LX-I5-5200U-8G-SSD-128G-GTX-950M-4G-MN-156IN-FHD-PHM-LED-V-KIM-LOI-FULLZIN-i.250780405.46656679661
"laptop toshiba nhật AMD A8, RAM 6G. Ổ HDD 320G, màn to 15.6inh. hư pin gim sạc dùng",1590000,0,Shop_ID_17734190,17734190,https://shopee.vn/laptop-toshiba-nht-AMD-A8-RAM-6G--HDD-320G-mn-to-156inh-h-pin-gim-sc-dng-i.17734190.29744273801
"[Chỉ GH tận nơi] Máy tính xách tay Samsung Galaxy Chromebook Go XE310XDA-KA1VN N4500/4GB/32GB/11.6""""HD/Win11 Pro_Bạc",6090000,1,Shop_ID_1431261217,1431261217,https://shopee.vn/Ch-GH-tn-ni-My-tnh-xch-tay-Samsung-Galaxy-Chromebook-Go-XE310XDA-KA1VN-N45004GB32GB116HDWin11-ProBc-i.1431261217.56306732104
"Laptop Giá Rẻ DELL latitude 5521 I5- 11300H RAM8 SSD 256GB LCD 15,6 inch PIN >3H Chip siêu khủng",8400000,15,Shop_ID_1188557488,1188557488,https://shopee.vn/Laptop-Gi-R-DELL-latitude-5521-I5--11300H-RAM8-SSD-256GB-LCD-156-inch-PIN-3H-Chip-siu-khng-i.1188557488.42720955490
DELL LATITUDE 5300 2IN1 CẢM ỨNG – GẬP 360° | I5 GEN 8 | RAM 8GB | SSD 256GB,6600000,0,Shop_ID_1732158672,1732158672,https://shopee.vn/DELL-LATITUDE-5300-2IN1-CM-NG--GP-360--I5-GEN-8--RAM-8GB--SSD-256GB-i.1732158672.40128729460
"Laptop Nội Địa Nhật Fujitsu S937-i5-7300U,8GB,SSD 128GB với Laptop i5-7300U | RAM 8GB | SSD 128G gọn nhẹ làm việc cơ bản",2850000,1,Shop_ID_1423558359,1423558359,https://shopee.vn/Laptop-Ni-a-Nht-Fujitsu-S937-i5-7300U8GBSSD-128GB-vi-Laptop-i5-7300U--RAM-8GB--SSD-128G-gn-nh-lm-vic-c-bn-i.1423558359.41119239912
"laptop gaming dell inspiron 7559 cực khỏe, vga 960m, i5 6300hq mạnh mẽ cân tốt hầu hết game, ai GPT, gemini tốt",5499000,0,Shop_ID_144597753,144597753,https://shopee.vn/laptop-gaming-dell-inspiron-7559-cc-khe-vga-960m-i5-6300hq-mnh-m-cn-tt-hu-ht-game-ai-GPT-gemini-tt-i.144597753.46304857776
Laptop gaming core i5 ram 8G/ 128G SSD BH 12/2026,3790000,0,Shop_ID_52087365,52087365,https://shopee.vn/Laptop-gaming-core-i5-ram-8G-128G-SSD-BH-122026-i.52087365.26044079167
Laptop 2 trong 1 HP X2 210 G2 - Màn 10 inch cảm ứng tháo rời,2277000,3,Shop_ID_981790083,981790083,https://shopee.vn/Laptop-2-trong-1-HP-X2-210-G2---Mn-10-inch-cm-ng-tho-ri-i.981790083.55754825755
ASUS TUF GAMING FX505DT AMD RYZEN 5 3550H RAM 16G SSD 512G 15.6INCH 120HZ GTX 1650,9800000,7,Shop_ID_79999990,79999990,https://shopee.vn/ASUS-TUF-GAMING-FX505DT-AMD-RYZEN-5-3550H-RAM-16G-SSD-512G-156INCH-120HZ-GTX-1650-i.79999990.40465158304
Laptop Giá rẻ Lenovo Thinkpad X280 i5 8250U RAM 8GB SSD 256GB 12.5 inch,4550000,0,Shop_ID_25826246,25826246,https://shopee.vn/Laptop-Gi-r-Lenovo-Thinkpad-X280-i5-8250U-RAM-8GB-SSD-256GB-125-inch-i.25826246.2288318952
Microsoft Surface Laptop 2 - Core i5-8250U l Ram 8GB l SSD 256GB - Tablet Laptop 2in1 Cảm Ứng - Tặng Kèm Túi Chống Sốc,7900000,1,Shop_ID_250887560,250887560,https://shopee.vn/Microsoft-Surface-Laptop-2---Core-i5-8250U-l-Ram-8GB-l-SSD-256GB---Tablet-Laptop-2in1-Cm-ng---Tng-Km-Ti-Chng-Sc-i.250887560.26891983259
"Legion Y7000 2024 i7-13650HX  RAM 24G SSD 1TB VGA RTX 4060 MÀN 15,6 144Hz",29000000,1,Shop_ID_1326205420,1326205420,https://shopee.vn/Legion-Y7000-2024-i7-13650HX--RAM-24G-SSD-1TB-VGA-RTX-4060-MN-156-144Hz-i.1326205420.50755743898
Laptop Hp Victus gaming i5 gen 12 16g 512g 15.6 in,13500000,1,Shop_ID_138770335,138770335,https://shopee.vn/Laptop-Hp-Victus-gaming-i5-gen-12-16g-512g-156-in-i.138770335.25147547914
[Cảm ứng lực Wacom] Laptop Lenovo YB1-X91 lai máy tính bảng siêu siêu mỏng nhẹ cảm ứng mượt mà cho người hay di chuyển,3270000,89,Shop_ID_469001653,469001653,https://shopee.vn/Cm-ng-lc-Wacom-Laptop-Lenovo-YB1-X91-lai-my-tnh-bng-siu-siu-mng-nh-cm-ng-mt-m-cho-ngi-hay-di-chuyn-i.469001653.18671913754
💻Asus gaming FX505GD i5-8300H/Ram8gb/SSD 128g Vga 1050 4Gb đẹp,7300000,0,Shop_ID_375279553,375279553,https://shopee.vn/Asus-gaming-FX505GD-i5-8300HRam8gbSSD-128g-Vga-1050-4Gb-p-i.375279553.57256821587
"Laptop cao cấp Thinkpad X1 Carbon Gen 9 Core i7-11th RAM 16G SSD 256G Màn 14"" FHD+",14350000,1,Shop_ID_25826246,25826246,https://shopee.vn/Laptop-cao-cp-Thinkpad-X1-Carbon-Gen-9-Core-i7-11th-RAM-16G-SSD-256G-Mn-14-FHD-i.25826246.44419785016
Laptop dell - hp - acer - asus -... máy mỏng + đẹp + mạnh,3300000,0,Shop_ID_1253076748,1253076748,https://shopee.vn/Laptop-dell---hp---acer---asus---my-mng--p--mnh-i.1253076748.49500285290
LAPTOP NHẬT BẢN DELL INSPIRON 15.6 INCH RYZEN 5 RAM 8GB 256SSD MÀU BẠC,8650000,0,Shop_ID_104899237,104899237,https://shopee.vn/LAPTOP-NHT-BN-DELL-INSPIRON-156-INCH-RYZEN-5-RAM-8GB-256SSD-MU-BC-i.104899237.41577851482
Laptop Hp Victus gaming i5 gen 12 16g 512g 15.6 in,13500000,1,Shop_ID_138770335,138770335,https://shopee.vn/Laptop-Hp-Victus-gaming-i5-gen-12-16g-512g-156-in-i.138770335.25147547914
LENOVO IDEAPAD S145-14IIL/I3 1005G1/4G/180GSSD/ MÀN 14IN FHS IPS TRÀN VIỀN/PIN 2-3H/FULL&ZIN,4000000,0,Shop_ID_250780405,250780405,https://shopee.vn/LENOVO-IDEAPAD-S145-14IILI3-1005G14G180GSSD-MN-14IN-FHS-IPS-TRN-VINPIN-2-3HFULLZIN-i.250780405.52854705405
laptop acer i3 ram 4 ổ cứng 250gb màn hình 15.6 win 7,800000,3,Shop_ID_453710826,453710826,https://shopee.vn/laptop-acer-i3-ram-4--cng-250gb-mn-hnh-156-win-7-i.453710826.49650928268
"laptop dell i5 đời 3 , ram 4g , ổ hdd 320g, màn 14inh , hư pin  ghim sạc dùng",1399000,0,Shop_ID_17734190,17734190,https://shopee.vn/laptop-dell-i5-i-3--ram-4g---hdd-320g-mn-14inh--h-pin--ghim-sc-dng-i.17734190.44702150556
MSI GAMING GF63 CORE I5 8300H RAM 8G SSD 512G 15.6ICNH FHD VGA GTX 1050 4G,7800000,2,Shop_ID_79999990,79999990,https://shopee.vn/MSI-GAMING-GF63-CORE-I5-8300H-RAM-8G-SSD-512G-156ICNH-FHD-VGA-GTX-1050-4G-i.79999990.27556938332
"Dell Latitude 3301 i3-8145u ram 4gb ssd 256gb màn 13.3"" HD tràn viền cực kì đẹp",3499000,0,Shop_ID_38517709,38517709,https://shopee.vn/Dell-Latitude-3301-i3-8145u-ram-4gb-ssd-256gb-mn-133-HD-trn-vin-cc-k-p-i.38517709.50705092932
Microsoft Surface Laptop 2 - Core i5-8250U l Ram 8GB l SSD 256GB - Tablet Laptop 2in1 Cảm Ứng - Tặng Kèm Túi Chống Sốc,7900000,1,Shop_ID_250887560,250887560,https://shopee.vn/Microsoft-Surface-Laptop-2---Core-i5-8250U-l-Ram-8GB-l-SSD-256GB---Tablet-Laptop-2in1-Cm-ng---Tng-Km-Ti-Chng-Sc-i.250887560.26891983259
HP LAPTOP 15S CORE I5 1135G7 RAM 8GB SSD 256GB 15.6INCH FULLHD VỎ NHÔM,7890000,1,Shop_ID_79999990,79999990,https://shopee.vn/HP-LAPTOP-15S-CORE-I5-1135G7-RAM-8GB-SSD-256GB-156INCH-FULLHD-V-NHM-i.79999990.56402609461
HP GAMING 15 CORE I5 10300H RAM 16G SSD 512G 15.6INCH GTX 1050,8999000,1,Shop_ID_79999990,79999990,https://shopee.vn/HP-GAMING-15-CORE-I5-10300H-RAM-16G-SSD-512G-156INCH-GTX-1050-i.79999990.40169026421
Laptop 2in1 Fujitsu Q738/Q739 nội địa Nhật  Core I3/5 Ram4/8 tương đương Surface 5 pro,1350000,25,Shop_ID_1377100441,1377100441,https://shopee.vn/Laptop-2in1-Fujitsu-Q738Q739-ni-a-Nht--Core-I35-Ram48-tng-ng-Surface-5-pro-i.1377100441.41517456999
Laptop cũ Dell Latitude 5520,1750000,2,Shop_ID_1240473738,1240473738,https://shopee.vn/Laptop-c-Dell-Latitude-5520-i.1240473738.49600146204
[Gaming] Laptop Dell 7467 7466 core i5 6300HQ HQ card đồ họa rời GTX 950M 4GB chiến game mượt mà,6370000,0,Shop_ID_469001653,469001653,https://shopee.vn/Gaming-Laptop-Dell-7467-7466-core-i5-6300HQ-HQ-card--ha-ri-GTX-950M-4GB-chin-game-mt-m-i.469001653.44504827577
DELL LATITUDE 5300 2IN1 CẢM ỨNG – GẬP 360° | I5 GEN 8 | RAM 8GB | SSD 256GB,6600000,0,Shop_ID_1732158672,1732158672,https://shopee.vn/DELL-LATITUDE-5300-2IN1-CM-NG--GP-360--I5-GEN-8--RAM-8GB--SSD-256GB-i.1732158672.40128729460
"Legion Y7000 2024 i7-13650HX  RAM 24G SSD 1TB VGA RTX 4060 MÀN 15,6 144Hz",29000000,1,Shop_ID_1326205420,1326205420,https://shopee.vn/Legion-Y7000-2024-i7-13650HX--RAM-24G-SSD-1TB-VGA-RTX-4060-MN-156-144Hz-i.1326205420.50755743898
laptop dell cũ( đã qua sử dụng),6950000,0,Shop_ID_1832786,1832786,https://shopee.vn/laptop-dell-c--qua-s-dng-i.1832786.29140420442
Laptop Lenovo ThinkPad E14 Gen 4 21E300DTVA i7-1255U| 8Gb | 256Gb - Bảo hành 12 tháng,16825000,0,Shop_ID_518430696,518430696,https://shopee.vn/Laptop-Lenovo-ThinkPad-E14-Gen-4-21E300DTVA-i7-1255U-8Gb--256Gb---Bo-hnh-12-thng-i.518430696.42111485487
[Gaming] Laptop HP Omen 15 core i5 7300HQ card đồ họa GTX 1050 mạnh mẽ cho game và đồ họa,6570000,0,Shop_ID_469001653,469001653,https://shopee.vn/Gaming-Laptop-HP-Omen-15-core-i5-7300HQ-card--ha-GTX-1050-mnh-m-cho-game-v--ha-i.469001653.47007078395
[HCM] Laptop Cũ MSI Modern 14 B11MOU Core I3-1115G4/ Ram 8GB/ SSD 256GB/ VGA Intel UHD Graphics/ LCD 14.0'' inch (FHD),7800000,0,Shop_ID_1507141073,1507141073,https://shopee.vn/HCM-Laptop-C-MSI-Modern-14-B11MOU-Core-I3-1115G4-Ram-8GB-SSD-256GB-VGA-Intel-UHD-Graphics-LCD-140-inch-FHD-i.1507141073.54400521357
"Laptop Dell P53G core i3 thanh lý - giải trí, văn phòng",2200000,0,Shop_ID_209488463,209488463,https://shopee.vn/Laptop-Dell-P53G-core-i3-thanh-l---gii-tr-vn-phng-i.209488463.47356630333
"laptop samsung dòng ultra mỏng nhẹ .chip quad core, ram 4g, ổ ssd 128g. màn 13.3 inh, hư pin cần gim sạc dùng",1460000,0,Shop_ID_17734190,17734190,https://shopee.vn/laptop-samsung-dng-ultra-mng-nh-chip-quad-core-ram-4g--ssd-128g-mn-133-inh-h-pin-cn-gim-sc-dng-i.17734190.42972492868
Laptop Dell inspiron 7472 Pink Core i5 8250U/ Ram 16Gb/ SSD Mvme 512Gb/ 14'' Full HD/ Hàng chọn lọc.,8950000,4,Shop_ID_504512,504512,https://shopee.vn/Laptop-Dell-inspiron-7472-Pink-Core-i5-8250U-Ram-16Gb-SSD-Mvme-512Gb-14-Full-HD-Hng-chn-lc-i.504512.44067756600
ASUS ZENBOOK UX333FA CORE I5 8265U RAM 8G SSD 256G 13.3INCH FHD ĐÈN PHÍM,6800000,0,Shop_ID_79999990,79999990,https://shopee.vn/ASUS-ZENBOOK-UX333FA-CORE-I5-8265U-RAM-8G-SSD-256G-133INCH-FHD-N-PHM-i.79999990.28789730655
[HÀNG LỖI-THANH LÝ] R Máy tính bảng Surface Pro 4 | Core i5-6300U | Ram 4/8GB | SSD 128/256GB | 12.31,2111111,42,Shop_ID_81687671,81687671,https://shopee.vn/HNG-LI-THANH-L-R-My-tnh-bng-Surface-Pro-4--Core-i5-6300U--Ram-48GB--SSD-128256GB--1231-i.81687671.28369465475
Xác Laptop Dell Inspiron 15 3521 3531 3537 5521 5535 5537,30000,0,Shop_ID_97981811,97981811,https://shopee.vn/Xc-Laptop-Dell-Inspiron-15-3521-3531-3537-5521-5535-5537-i.97981811.53354420663
Laptop toshiba màn 12” siêu mỏng nhẹ cấu hình cao đáp ứng nhu cầu cơ bản của tân sinh viên,1650000,0,Shop_ID_52805755,52805755,https://shopee.vn/Laptop-toshiba-mn-12-siu-mng-nh-cu-hnh-cao-p-ng-nhu-cu-c-bn-ca-tn-sinh-vin-i.52805755.43317936450
ACER GAMING NITRO 5 CORE I7 9750H RAM 16G SSD 512G 15.6INCH FHD VGA GTX 1650,9200000,2,Shop_ID_79999990,79999990,https://shopee.vn/ACER-GAMING-NITRO-5-CORE-I7-9750H-RAM-16G-SSD-512G-156INCH-FHD-VGA-GTX-1650-i.79999990.26687662420
laptop siêu mỏng Fujitsu lifebook u938.cpu i5 7300.ram 8.ssd 128g.hang đẹp 90%.pin dùng 2h,4550000,2,Shop_ID_21674680,21674680,https://shopee.vn/laptop-siu-mng-Fujitsu-lifebook-u938cpu-i5-7300ram-8ssd-128ghang-p-90pin-dng-2h-i.21674680.27853879070
máy tính laptop dell 3458 chíp i5 ram 8 mỏng đẹp,1800000,0,Shop_ID_453710826,453710826,https://shopee.vn/my-tnh-laptop-dell-3458-chp-i5-ram-8-mng-p-i.453710826.40928925979
ASUS TUF GAMING FX505 AMD RYZEN 7 3750H RAM 16G SSD 512G 15.6INCH 120HZ GTX 1050,8500000,1,Shop_ID_79999990,79999990,https://shopee.vn/ASUS-TUF-GAMING-FX505-AMD-RYZEN-7-3750H-RAM-16G-SSD-512G-156INCH-120HZ-GTX-1050-i.79999990.42473154140
"Laptop  Asus ROG Strix G531GW - Core i7-10850H RAM 16G SSD 512G RTX 2060 Màn 15,6 Inch FHD 144Hz",17100000,0,Shop_ID_186107166,186107166,https://shopee.vn/Laptop--Asus-ROG-Strix-G531GW---Core-i7-10850H-RAM-16G-SSD-512G-RTX-2060-Mn-156-Inch-FHD-144Hz-i.186107166.43713912602
ACER GAMING NITRO 5 AMD RYZEN 5 2500U RAM 16G SSD 512G 15.6INCH FHD IPS VGA RX560X 4GB,7500000,1,Shop_ID_79999990,79999990,https://shopee.vn/ACER-GAMING-NITRO-5-AMD-RYZEN-5-2500U-RAM-16G-SSD-512G-156INCH-FHD-IPS-VGA-RX560X-4GB-i.79999990.28328926370
Rã xác laptop dell inspiron 3551,68000,3,Shop_ID_27016235,27016235,https://shopee.vn/R-xc-laptop-dell-inspiron-3551-i.27016235.54703398741
Laptop Toshiba Satellite Pro C640 đã qua sử dụng,1390000,0,Shop_ID_125900451,125900451,https://shopee.vn/Laptop-Toshiba-Satellite-Pro-C640--qua-s-dng-i.125900451.26592299923
Túi xách công sở Selene Bag đựng laptop 15.6in VACHINO-TX011,87000,10000,Shop_ID_1506174776,1506174776,https://shopee.vn/Ti-xch-cng-s-Selene-Bag-ng-laptop-156in-VACHINO-TX011-i.1506174776.42029002603
"Máy Tính Dell Cũ Giá Rẻ 5310 - Dành cho Học Sinh - Sinh Viên - Nhân Viên Văn Phòng. Pin Bền Bỉ, Máy Gọn Nhẹ, Máy Đẹp 90%",7855000,0,Shop_ID_59621218,59621218,https://shopee.vn/My-Tnh-Dell-C-Gi-R-5310---Dnh-cho-Hc-Sinh---Sinh-Vin---Nhn-Vin-Vn-Phng-Pin-Bn-B-My-Gn-Nh-My-p-90-i.59621218.49406785068
Máy tính bảng Surface Pro 4 | Core i5-6300U | Ram 4/8GB | SSD 128/256GB NMVE| 12.3 inch,3072111,10,Shop_ID_16449163,16449163,https://shopee.vn/My-tnh-bng-Surface-Pro-4--Core-i5-6300U--Ram-48GB--SSD-128256GB-NMVE-123-inch-i.16449163.29718410113
Máy tính bảng Surface Pro 6 | Core i5-8250U/i7-8650U| Ram 8GB | SSD 128/256GB | 12.3 inch đẳng cấp,6294333,8,Shop_ID_16449163,16449163,https://shopee.vn/My-tnh-bng-Surface-Pro-6--Core-i5-8250Ui7-8650U-Ram-8GB--SSD-128256GB--123-inch-ng-cp-i.16449163.4385591868
"Máy Tính Xách Tay Đứng,Giá Đỡ Macbook Laptop Nhôm Giá Đỡ Di Động Mini Gấp Gọn Cho Máy Tính Xách Tay",22900,10000,Shop_ID_805011728,805011728,https://shopee.vn/My-Tnh-Xch-Tay-ngGi--Macbook-Laptop-Nhm-Gi--Di-ng-Mini-Gp-Gn-Cho-My-Tnh-Xch-Tay-i.805011728.22728003088
Đế tản nhiệt laptop Sidotech Q3 có 6 quạt làm mát nhanh chống ồn đèn led gaming giúp tăng hiệu năng bảo vệ máy tính,308000,5000,Shop_ID_268182642,268182642,https://shopee.vn/tn-nhit-laptop-Sidotech-Q3-c-6-qut-lm-mt-nhanh-chng-n-n-led-gaming-gip-tng-hiu-nng-bo-v-my-tnh-i.268182642.20916269432
Laptop dell cảm ứng mượt có luôn cây bút cảm ứng cho mấy bạn sinh viên mỹ thuật vẽ tay.,4600000,0,Shop_ID_1253076748,1253076748,https://shopee.vn/Laptop-dell-cm-ng-mt-c-lun-cy-bt-cm-ng-cho-my-bn-sinh-vin-m-thut-v-tay-i.1253076748.54602882091
𝐋𝐞𝐧𝐨𝐯𝐨 𝐓𝐡𝐢𝐧𝐤𝐩𝐚𝐝 𝐓𝟏𝟒 𝐆𝐞𝐧 𝟐 - LSB247,10000000,2,Shop_ID_406113,406113,https://shopee.vn/--LSB247-i.406113.45956514043
Máy tính bảng Surface Pro 6 | Core i5-8250U/i7-8650U| Ram 8GB | SSD 128/256GB | 12.3 inch 3,6294333,1,Shop_ID_16449163,16449163,https://shopee.vn/My-tnh-bng-Surface-Pro-6--Core-i5-8250Ui7-8650U-Ram-8GB--SSD-128256GB--123-inch-3-i.16449163.46551894193
Máy tính bảng 2 trong 1 NEC VersaPro VKA10S | Intel Core m3-7Y30 thế hệ thứ 7 | 4GB/128GB,3333333,9,Shop_ID_81687671,81687671,https://shopee.vn/My-tnh-bng-2-trong-1-NEC-VersaPro-VKA10S--Intel-Core-m3-7Y30-th-h-th-7--4GB128GB-i.81687671.27060069392
Máy tính Dell  7591 i7-9750H RAM 16G SSD 512GB Nvidia GTX 1650 4GB Chuyên Game Và Đồ Hoạ Vỏ Nhôm,14300000,0,Shop_ID_796323094,796323094,https://shopee.vn/My-tnh-Dell--7591-i7-9750H-RAM-16G-SSD-512GB-Nvidia-GTX-1650-4GB-Chuyn-Game-V--Ho-V-Nhm-i.796323094.20589191092
"(Bộ 2 Cái)Giá Đỡ Tản Nhiệt Laptop, Macbook Di Động- Đế Kê Laptop Bằng Nhựa Siêu Bền -DA888",29000,299,Shop_ID_1366192973,1366192973,https://shopee.vn/B-2-CiGi--Tn-Nhit-Laptop-Macbook-Di-ng---K-Laptop-Bng-Nha-Siu-Bn--DA888-i.1366192973.57154122622
Ốp lưng Macbook Trong Suốt,100000,20000,Shop_ID_1506174776,1506174776,https://shopee.vn/p-lng-Macbook-Trong-Sut-i.1506174776.42319005346
bộ võ laptop dell 3558 hàng 99% đệp như mới dòng có cổng hdmi,650000,1,Shop_ID_1064107948,1064107948,https://shopee.vn/b-v-laptop-dell-3558-hng-99-p-nh-mi-dng-c-cng-hdmi-i.1064107948.26022463518
Laptop Dell XPS 13 9360 60WH PW23Y TP1GT RNP72 0RNP72 GD1JP 6CELL ZIN 100% LỖI 1 ĐỔI 1 - LAMY,729000,64,Shop_ID_1223879931,1223879931,https://shopee.vn/Laptop-Dell-XPS-13-9360-60WH-PW23Y-TP1GT-RNP72-0RNP72-GD1JP-6CELL-ZIN-100-LI-1-I-1---LAMY-i.1223879931.24522731332
Laptop Chơi Game Acer Nitro V 15 ANV15-51-54Y9 Acer Aspire 7 A715-76G-53X1 2023 Aspire 5 A515-57-54UD AMD 15.6 '' Aspire 3 A315-59-71HF A315-59-51ET Vỏ Bàn Phím Bảo Vệ Bàn Phím,39483,9,Shop_ID_162014995,162014995,https://shopee.vn/Laptop-Chi-Game-Acer-Nitro-V-15-ANV15-51-54Y9-Acer-Aspire-7-A715-76G-53X1-2023-Aspire-5-A515-57-54UD-AMD-156--Aspire-3-A-i.162014995.27163317069
Máy tính bảng 2 trong 1 NEC VersaPro VKA10S | Intel Core m3-7Y30 thế hệ thứ 7 | 4GB/128GB,3294333,0,Shop_ID_16449163,16449163,https://shopee.vn/My-tnh-bng-2-trong-1-NEC-VersaPro-VKA10S--Intel-Core-m3-7Y30-th-h-th-7--4GB128GB-i.16449163.52851897011
[Kho Phụ Kiện] Vỏ laptop các hãng bóc máy cũ,400000,2,Shop_ID_64805980,64805980,https://shopee.vn/Kho-Ph-Kin-V-laptop-cc-hng-bc-my-c-i.64805980.13644865228
Skin dán Laptop Dell màu Chrome bạc nhám bảo vệ máy | Vui lòng nhắn model máy cho shop,60000,243,Shop_ID_166717431,166717431,https://shopee.vn/Skin-dn-Laptop-Dell-mu-Chrome-bc-nhm-bo-v-my--Vui-lng-nhn-model-my-cho-shop-i.166717431.26372632493
"Máy tính Dell Core i7, i5, i3 có WiFi Hdmi chuyên văn phòng học tập giải trí siêu ổn định",800000,30,Shop_ID_69170688,69170688,https://shopee.vn/My-tnh-Dell-Core-i7-i5-i3-c-WiFi-Hdmi-chuyn-vn-phng-hc-tp-gii-tr-siu-n-nh-i.69170688.50050166220
Lenovo Thinkpad X280 A285 X390 X395 L13 Yoga S2 5th S2 Yoga 5th Laptop  Bàn phím máy tính xách tay,181500,0,Shop_ID_1771800031,1771800031,https://shopee.vn/Lenovo-Thinkpad-X280-A285-X390-X395-L13-Yoga-S2-5th-S2-Yoga-5th-Laptop--Bn-phm-my-tnh-xch-tay-i.1771800031.47657202816
"Giá Đỡ Laptop N3 Chất Liệu Hợp Kim Nhôm 6 Mức Độ Cao, Giá Đỡ Máy Tính Đế Tản Nhiệt Máy Tính Laptop",46000,352,Shop_ID_1599936446,1599936446,https://shopee.vn/Gi--Laptop-N3-Cht-Liu-Hp-Kim-Nhm-6-Mc--Cao-Gi--My-Tnh--Tn-Nhit-My-Tnh-Laptop-i.1599936446.45950532945
(XẢ KHO GIẢM GIÁ SÂU)Máy Tính Đồng Bộ LENOVO HP DELL OTIPLEX CORE i3/i5/2-BẢO HÀNH 12 THÁNG-Máy tính bàn,750000,711,Shop_ID_297503951,297503951,https://shopee.vn/X-KHO-GIM-GI-SUMy-Tnh-ng-B-LENOVO-HP-DELL-OTIPLEX-CORE-i3i52-BO-HNH-12-THNG-My-tnh-bn-i.297503951.17458126777
"Hardware Home Đế tản nhiệt laptop,Giá đỡ laptop,  macbook gấp gọn bằng nhôm điều chỉnh 6 cấp độ - GÀ LÓT CHUỘT",69290,220,Shop_ID_1649908791,1649908791,https://shopee.vn/Hardware-Home--tn-nhit-laptopGi--laptop--macbook-gp-gn-bng-nhm-iu-chnh-6-cp----G-LT-CHUT-i.1649908791.45403811898
"LK laptop Dell Inspiron 14R 5420, 7420, fan tản, xác main, bản lề, touchpad, webcam , cáp màn hình, loa, DVD",80000,4,Shop_ID_205074982,205074982,https://shopee.vn/LK-laptop-Dell-Inspiron-14R-5420-7420-fan-tn-xc-main-bn-l-touchpad-webcam--cp-mn-hnh-loa-DVD-i.205074982.22587850178
Thanh lý Mặt A Bị Gạch Laptop Dell Latitude 5540 và Precision  3580,50000,3,Shop_ID_78214933,78214933,https://shopee.vn/Thanh-l-Mt-A-B-Gch-Laptop-Dell-Latitude-5540-v-Precision--3580-i.78214933.27736756223
